timestamp,frame,video_time_sec,track_id,raw_activity,smoothed_activity,semantic_activity,material_handling,material_confidence,confidence,velocity,ankle_motion,wrist_motion,wrist_hip_distance,torso_angle,knee_angle,mh_bending_ratio,mh_walking_ratio,mh_active_ratio,mh_wrist_motion,mh_pickup,mh_stationary,mh_standing_idle_ratio,mh_wrist_hip_distance
1786903112.947001,3,0.08,2,standing,standing,standing,0,0.0,0.75,0.0,0.0,0.0,0.5887621695315417,6.4450097974009015,,0.0,0.0,0.0,0.0,0,0,0.0,0.0
1786903112.9898996,4,0.12,2,standing,standing,standing,0,0.0,0.75,0.07675578957517538,0.0,0.1140499792244864,0.5855718141738585,7.406158744159953,,0.0,0.0,0.0,0.0,0,0,0.0,0.0
1786903113.0354939,5,0.16,2,carrying,carrying,carrying,0,0.0,0.651815078007148,0.10540103997997427,0.0,0.12435646265669607,0.5863584633452468,7.331086473906186,,0.0,0.0,0.0,0.0,0,0,0.0,0.0
1786903113.0993066,6,0.2,2,carrying,carrying,carrying,0,0.0,0.6472455569438896,0.10245205767271337,0.0,0.13500339558291174,0.5787425949064828,7.863895407436043,,0.0,0.0,0.0,0.0,0,0,0.0,0.0
1786903113.185008,7,0.24,2,carrying,carrying,carrying,0,0.0,0.6444423914571101,0.08772146747351832,0.0,0.12144774745757028,0.5740706524285168,8.38530669919781,,0.0,0.0,0.0,0.0,0,0,0.0,0.0
1786903113.2825985,8,0.28,2,standing,carrying,carrying,0,0.0,0.75,0.071580740995452,0.0,0.09980179680145437,0.5723375904816822,8.550299442807479,,0.0,0.0,0.0,0.0,0,0,0.0,0.0
1786903113.4444273,9,0.32,2,standing,carrying,carrying,0,0.0,0.75,0.06049524601376106,0.0,0.08511061361083634,0.5716037095050533,8.571263742816353,,0.0,0.0,0.0,0.0,0,0,0.0,0.0
1786903113.492998,10,0.36,2,standing,carrying,carrying,0,0.0,0.75,0.05563512949651359,0.0,0.07484656654541195,0.5705211094303517,8.61802850415668,,0.0,0.0,0.0,0.0,0,0,0.0,0.0
1786903113.623286,11,0.4,2,standing,carrying,carrying,0,0.0,0.75,0.05167352159684366,0.0,0.06750152651521257,0.5665792544677459,8.833338225241862,,0.0,0.0,0.0,0.0,0,0,0.0,0.0
1786903113.7235892,12,0.44,2,standing,standing,standing,0,0.0,0.75,0.04943191900443068,0.0,0.062223094792258925,0.5625212261684494,9.089897793636307,,0.0,0.0,0.0,0.0,0,0,0.0,0.0
1786903113.8582444,13,0.48,2,standing,standing,standing,0,0.0,0.75,0.04863637812109731,0.0,0.05190044572772828,0.5568061975474057,9.402467152768356,,0.0,0.0,0.0,0.0,0,0,0.0,0.0
1786903114.0615535,14,0.52,2,unknown,standing,standing,0,0.0,0.3,0.037972094183981876,0.0,0.0425366436325309,0.5507511110231608,9.830219604208526,129.9412550269363,0.0,0.0,0.0,0.0,0,0,0.0,0.0
1786903114.1369677,15,0.56,2,unknown,standing,standing,0,0.0,0.3,0.032798025634144766,0.0,0.03001847267464539,0.5453895665522731,10.302690377875154,129.9412550269363,0.0,0.0,0.0,0.0,0,0,0.0,0.0
1786903114.2877026,16,0.6,2,unknown,standing,standing,0,0.0,0.3,0.03260961842602187,0.0,0.02861428200136447,0.5420594685083311,10.65383521639941,129.9412550269363,0.0,0.0,0.0,0.0,0,0,0.0,0.0
1786903114.4466696,17,0.64,2,unknown,standing,standing,0,0.0,0.3,0.041759858578781825,0.0,0.03222746766686274,0.5403807277121766,10.632933004888397,129.9412550269363,0.0,0.0,0.0,0.0,0,0,0.0,0.0
1786903114.577764,18,0.68,2,unknown,standing,standing,0,0.0,0.3,0.04519125211166362,0.0,0.03834759798045906,0.5363055975363008,10.932276704722131,129.9412550269363,0.0,0.0,0.0,0.0,0,0,0.0,0.0
1786903114.6641502,19,0.72,2,unknown,unknown,unknown,0,0.0,0.3,0.04828076839843475,0.0,0.04346698829905644,0.5319271817118556,11.256667681177419,129.9412550269363,0.0,0.0,0.0,0.0,0,0,0.0,0.0
1786903114.762797,20,0.76,2,unknown,unknown,unknown,0,0.0,0.3,0.04907995479054829,0.0,0.04536580427350631,0.5281324369432071,11.523755129256019,129.9412550269363,0.0,0.0,0.0,0.0,0,0,0.0,0.0
1786903114.8922696,21,0.8,2,unknown,unknown,unknown,0,0.0,0.3,0.05297066213335931,0.0,0.04764367251700771,0.5259459839106363,11.686947109181972,129.9412550269363,0.0,0.0,0.0,0.0,0,0,0.0,0.0
1786903115.034054,22,0.84,2,unknown,unknown,unknown,0,0.0,0.3,0.04744841406226693,0.0,0.04925777166102288,0.5256381222610051,11.763062579291988,129.9412550269363,0.0,0.0,0.15,0.06468601648105114,0,0,0.4,0.5570202489072641
1786903115.1811242,23,0.88,2,unknown,unknown,unknown,0,0.0,0.3,0.04620333153338761,0.0,0.04639996420045062,0.5240520195985879,12.018472653303025,129.9412550269363,0.0,0.0,0.14285714285714285,0.06381525208673684,0,0,0.38095238095238093,0.5554503332258987
1786903115.2812502,24,0.92,2,standing,unknown,unknown,0,0.0,0.75,0.04441173021550786,0.0,0.04332162268087605,0.5256251836288459,11.89230865054589,,0.0,0.0,0.13636363636363635,0.06288372347737953,0,0,0.4090909090909091,0.5540946446078507
1786903115.3756099,25,0.96,2,standing,unknown,unknown,0,0.0,0.75,0.042030801079445214,0.0,0.037569361374446796,0.5255117099932739,11.843370221457985,,0.0,0.0,0.13043478260869565,0.06178309903812158,0,0,0.43478260869565216,0.5528519083202604
1786903115.5213604,26,1.0,2,standing,unknown,unknown,0,0.0,0.75,0.03595864246415348,0.0,0.03574641000641972,0.526767020512342,11.71060681086278,,0.0,0.0,0.125,0.060698236995134,0,0,0.4583333333333333,0.5517650379949305
1786903115.6487455,27,1.04,2,unknown,unknown,unknown,0,0.0,0.3,0.037046952422849104,0.0,0.03402374101955931,0.5251209957061335,11.977578913792835,111.12013736225258,0.0,0.0,0.12,0.05963125715611102,0,0,0.44,0.5506992763033787
1786903115.763085,28,1.08,2,walking,standing,standing,0,0.0,0.6,0.034250792192735365,0.06093585420678146,0.03086322752996153,0.5234894117072841,12.15610596695414,120.04896291294298,0.0,0.038461538461538464,0.15384615384615385,0.05852479447818219,0,0,0.4230769230769231,0.5496527430496827
1786903115.9482791,29,1.12,2,unknown,standing,standing,0,0.0,0.3,0.035246548666705874,0.03401304070473792,0.03271754193962203,0.522070937776146,12.38105642532151,123.02210961979188,0.0,0.037037037037037035,0.14814814814814814,0.05756897031008737,0,0,0.4074074074074074,0.5486311947062185
1786903116.0237617,30,1.16,2,unknown,standing,standing,0,0.0,0.3,0.02826497526667844,0.038840246434585425,0.03073262941285462,0.5199609776573948,12.763541878052337,126.28067943174632,0.0,0.03571428571428571,0.14285714285714285,0.05661052956375763,0,0,0.39285714285714285,0.5476072583830461
1786903116.1637323,31,1.2,2,unknown,standing,standing,0,0.0,0.3,0.026732431770345302,0.04211913242924876,0.027924647156061886,0.5189972297289669,13.123608733815823,132.80178250360996,0.0,0.034482758620689655,0.13793103448275862,0.05562136120487157,0,0,0.3793103448275862,0.5466207056708365
1786903116.3292117,32,1.24,2,unknown,unknown,unknown,0,0.0,0.3,0.02467537364616672,0.03734952934958138,0.027022596189800636,0.5161845535324285,13.53334770564227,136.20183714252383,0.0,0.03333333333333333,0.13333333333333333,0.05466806903770254,0,0,0.36666666666666664,0.5456061672662229
1786903116.4106529,33,1.28,2,unknown,unknown,unknown,0,0.0,0.3,0.021583832645919458,0.040047463198408115,0.02627805531665136,0.5145956705034588,13.850390067520866,135.85090194524273,0.0,0.03225806451612903,0.12903225806451613,0.05375226214347509,0,0,0.3548387096774194,0.5446058286609724
1786903116.583598,34,1.32,2,unknown,unknown,unknown,0,0.0,0.3,0.020097108252556315,0.03880672995275444,0.0249890715065432,0.5106435497264593,14.295521754054894,135.51547664740554,0.0,0.03125,0.125,0.05285341243607095,0,0,0.34375,0.5435445074442689
1786903116.7445529,35,1.36,2,unknown,unknown,unknown,0,0.0,0.3,0.017556987344479226,0.035287462249733864,0.025497836835827334,0.507351652688388,14.699946711318237,135.20919525126178,0.0,0.030303030303030304,0.12121212121212122,0.05202445559969993,0,0,0.3333333333333333,0.5424477542698483
1786903116.8693497,36,1.4,2,unknown,unknown,unknown,0,0.0,0.3,0.012817072500118242,0.037669346469531975,0.02099237521197462,0.5055347234318577,14.912230708999108,134.16527470191923,0.0,0.030303030303030304,0.12121212121212122,0.052660588181881,0,0,0.30303030303030304,0.5399257104486457
1786903116.9816089,37,1.44,2,unknown,unknown,unknown,0,0.0,0.3,0.012237269894271438,0.037066805645632764,0.020629840094234228,0.5055442795354164,15.02705204614893,133.9170864498895,0.0,0.030303030303030304,0.12121212121212122,0.04982967487490365,0,0,0.2727272727272727,0.5375006336414202
1786903117.1474752,38,1.48,2,unknown,unknown,unknown,0,0.0,0.3,0.0122645393201029,0.04059528796864768,0.01849039248498686,0.5050341769294185,15.157047600048074,131.87406001570238,0.0,0.030303030303030304,0.09090909090909091,0.04662161214242761,0,0,0.2727272727272727,0.535036261325789
1786903117.2690628,39,1.52,2,unknown,unknown,unknown,0,0.0,0.3,0.015006941379261134,0.04075281356883588,0.019053824203091922,0.5029753915673588,15.310078016523633,130.3096715259334,0.0,0.030303030303030304,0.06060606060606061,0.04310798876728156,0,0,0.2727272727272727,0.5327402854670277
1786903117.4182353,40,1.56,2,unknown,unknown,unknown,0,0.0,0.3,0.018025240310860016,0.03950803836390224,0.02267857629929156,0.5038770992339376,15.283705919598038,129.7872426766901,0.0,0.030303030303030304,0.030303030303030304,0.04011498358066705,0,0,0.2727272727272727,0.5306132080974949
1786903117.507519,41,1.6,2,unknown,unknown,unknown,0,0.0,0.3,0.020441157384571085,0.04285024269923241,0.02305546919834941,0.5035759205179555,15.133732516925207,123.48287792028816,0.0,0.030303030303030304,0.030303030303030304,0.03778933728966387,0,0,0.24242424242424243,0.5285295211288972
1786903117.679296,42,1.64,2,unknown,unknown,unknown,0,0.0,0.3,0.022419662767951987,0.04061943876720973,0.02451964233176249,0.5059601489638481,14.878916410124807,117.75309713554383,0.0,0.030303030303030304,0.030303030303030304,0.035953247250904055,0,0,0.21212121212121213,0.5265403223246182
1786903117.7979977,43,1.68,2,unknown,unknown,unknown,0,0.0,0.3,0.023195971751213837,0.04271900707401591,0.025843277651093996,0.5081772779671657,14.638493272296458,115.56876524533668,0.0,0.030303030303030304,0.030303030303030304,0.03446829910259139,0,0,0.18181818181818182,0.5246511153105823
1786903117.958059,44,1.72,2,unknown,unknown,unknown,0,0.0,0.3,0.023650609261349997,0.05161542868612757,0.023224889100462963,0.5107364814437616,14.33661277406205,112.74745129174765,0.0,0.030303030303030304,0.030303030303030304,0.03312658281729594,0,0,0.15151515151515152,0.5229589100674313
1786903118.0964572,45,1.76,2,unknown,unknown,unknown,0,0.0,0.3,0.026590477569749166,0.049118470098931784,0.023954902157933364,0.5128046285198047,14.218445855797489,108.86766529213234,0.0,0.030303030303030304,0.030303030303030304,0.031966940616255775,0,0,0.12121212121212122,0.5214523465023209
1786903118.2344105,46,1.8,2,unknown,unknown,unknown,0,0.0,0.3,0.028962864025318953,0.046222482164503004,0.023657443829877743,0.5144834328187612,14.114043675038285,105.41404445037756,0.0,0.030303030303030304,0.030303030303030304,0.031111092073896673,0,0,0.09090909090909091,0.5201698384802407
1786903118.4061646,47,1.84,2,unknown,unknown,unknown,0,0.0,0.3,0.025797324568599414,0.05006991389616248,0.02235384370030569,0.5159548677249735,13.79190678301369,104.5047664878715,0.0,0.030303030303030304,0.030303030303030304,0.030499492075950457,0,0,0.09090909090909091,0.5191154068651441
1786903118.4900832,48,1.88,2,unknown,unknown,unknown,0,0.0,0.3,0.025533812080383064,0.0,0.02068693769999466,0.5217136059480147,13.256866794706605,104.5264141051133,0.0,0.030303030303030304,0.030303030303030304,0.030216718288839824,0,0,0.09090909090909091,0.5183979535134999
1786903118.611957,49,1.92,2,unknown,unknown,unknown,0,0.0,0.3,0.022043347098999546,0.0,0.017155275417301937,0.5279920754071485,12.699882214636144,98.85708705396476,0.0,0.030303030303030304,0.030303030303030304,0.029869475665080355,0,0,0.09090909090909091,0.5179716688740701
1786903118.7409728,50,1.96,2,unknown,unknown,unknown,0,0.0,0.3,0.019449381849798122,0.0,0.01672350813708444,0.5313335985057646,12.30156012393834,98.85708705396476,0.0,0.030303030303030304,0.030303030303030304,0.029399658709632525,0,0,0.09090909090909091,0.5176975134435727
1786903118.8918605,51,2.0,2,standing,unknown,unknown,0,0.0,0.75,0.018338604788667653,0.0,0.014815236509399952,0.5374845533376641,11.927487266057918,,0.0,0.030303030303030304,0.030303030303030304,0.028686556846873164,0,0,0.12121212121212122,0.5177332393769474
1786903119.0641115,52,2.04,2,standing,unknown,unknown,0,0.0,0.75,0.018075569267670007,0.0,0.01388191766794296,0.5415039559081819,11.642109945234617,,0.0,0.030303030303030304,0.030303030303030304,0.027790039555021236,0,0,0.15151515151515152,0.518023444655624
1786903119.2067451,53,2.08,2,standing,unknown,unknown,0,0.0,0.75,0.018351294016255678,0.0,0.013545773044881533,0.5466934346370779,11.333596886420816,,0.0,0.030303030303030304,0.030303030303030304,0.02682579618445685,0,0,0.18181818181818182,0.5185858991311958
1786903119.398176,54,2.12,2,standing,unknown,unknown,0,0.0,0.75,0.01705114003799631,0.0,0.014434299593564483,0.5498342750696761,11.170827628842654,,0.0,0.030303030303030304,0.030303030303030304,0.02581945155041311,0,0,0.21212121212121213,0.5193097867420757
1786903119.4875102,55,2.16,2,idle,standing,standing,0,0.0,0.85,0.014490610243020348,0.0,0.013772762386099573,0.5513482879305086,10.992742442954823,,0.0,0.030303030303030304,0.030303030303030304,0.024744148239051803,0,0,0.24242424242424243,0.5200888826714547
1786903119.7207112,56,2.2,2,standing,standing,standing,0,0.0,0.75,0.01604608289648215,0.0,0.013973853055830413,0.548729618857688,11.173272435428396,,0.0,0.030303030303030304,0.030303030303030304,0.023761538810426946,0,0,0.2727272727272727,0.5208366887096093
1786903119.9287052,57,2.24,2,idle,standing,standing,0,0.0,0.85,0.014240917531605304,0.0,0.015616425101159067,0.5478311943793435,11.387686454380088,,0.0,0.030303030303030304,0.030303030303030304,0.02292198736861734,0,0,0.2727272727272727,0.521509598126291
1786903120.06107,58,2.28,2,standing,standing,standing,0,0.0,0.75,0.016357444147602415,0.0,0.01581684464835633,0.5438558623591875,11.719109109521614,,0.0,0.030303030303030304,0.030303030303030304,0.02226282019509945,0,0,0.2727272727272727,0.5220654815313187
1786903120.169381,59,2.32,2,standing,standing,standing,0,0.0,0.75,0.017411251177864753,0.0,0.01600203572068623,0.5415905968378565,11.851975184780972,,0.0,0.030303030303030304,0.030303030303030304,0.021664505822804495,0,0,0.2727272727272727,0.5225146808139101
1786903120.3006039,60,2.36,2,standing,standing,standing,0,0.0,0.75,0.01797854632399566,0.0,0.017569570177961305,0.541368303787549,11.708571226194646,,0.0,0.030303030303030304,0.030303030303030304,0.021165894585180315,0,0,0.30303030303030304,0.5230070234830438
1786903120.5468998,61,2.4,2,standing,standing,standing,0,0.0,0.75,0.017674791706991527,0.0,0.017888605525270704,0.5395132445132003,11.687690757952561,,0.0,0.0,0.0,0.020772724221401806,0,0,0.3333333333333333,0.5234925941741321
1786903120.7223718,62,2.44,2,standing,standing,standing,0,0.0,0.75,0.018008248733931746,0.0,0.019206566828597567,0.5377207932031606,11.72422976640392,,0.0,0.0,0.0,0.020363300733188944,0,0,0.36363636363636365,0.5239668322173751
1786903120.8822408,63,2.48,2,standing,standing,standing,0,0.0,0.75,0.017812981305631533,0.0,0.01739552599505484,0.5353842714016634,11.79282221323586,,0.0,0.0,0.0,0.019959146084164704,0,0,0.3939393939393939,0.5244342047550802
1786903121.0475168,64,2.52,2,standing,standing,standing,0,0.0,0.75,0.016556158690760527,0.0,0.017099634088103,0.5351729133636496,11.72291678901955,,0.0,0.0,0.0,0.01963111538513565,0,0,0.42424242424242425,0.5249243769864341
1786903121.1874056,65,2.56,2,standing,standing,standing,0,0.0,0.75,0.01573703005246283,0.0,0.01568969935948951,0.5376739461071949,11.628006506401265,,0.0,0.0,0.0,0.01928769426906561,0,0,0.45454545454545453,0.5255755707008211
1786903121.2768462,66,2.6,2,standing,standing,standing,0,0.0,0.75,0.01778548007743179,0.0,0.017415193490141503,0.543516367111287,11.462286917040768,,0.0,0.0,0.0,0.019019122698565316,0,0,0.48484848484848486,0.5264519554465129
1786903121.4231517,67,2.64,2,standing,standing,standing,0,0.0,0.75,0.017997225521494974,0.0,0.017996735010836113,0.5498710107190086,11.213072540048184,,0.0,0.0,0.0,0.018807233713846915,0,0,0.5151515151515151,0.527640666385681
1786903121.5098948,68,2.68,2,standing,standing,standing,0,0.0,0.75,0.01790214837368636,0.0,0.017602096116354757,0.5576240673713281,10.859955526013298,,0.0,0.0,0.0,0.018567968843559872,0,0,0.5454545454545454,0.5291640728912247
1786903121.7287343,69,2.72,2,standing,standing,standing,0,0.0,0.75,0.017980423484135366,0.0,0.016769195951622556,0.5625512375975205,10.764727390836764,,0.0,0.0,0.0,0.01843999371445829,0,0,0.5757575757575758,0.53089184604776
1786903121.8020432,70,2.76,2,standing,standing,standing,0,0.0,0.75,0.01759851893513871,0.0,0.016875102271450733,0.56537154914335,10.869603433952538,,0.0,0.0,0.0,0.01832621378043455,0,0,0.6060606060606061,0.5327047936116367
1786903121.9208553,71,2.8,2,standing,standing,standing,0,0.0,0.75,0.01862397569401332,0.0,0.018063558716703784,0.5690232338681823,10.987927484009349,,0.0,0.0,0.0,0.01831327942381991,0,0,0.6363636363636364,0.5346438559431144
1786903122.127251,72,2.84,2,standing,standing,standing,0,0.0,0.75,0.019877496011875148,0.0,0.01883935071306216,0.5728908648224901,11.020636752266645,,0.0,0.0,0.0,0.018306780227152344,0,0,0.6666666666666666,0.5367625066478153
1786903122.2272382,73,2.88,2,standing,standing,standing,0,0.0,0.75,0.02121742175130677,0.0,0.019277142230638897,0.5762850431040496,11.019321825115613,,0.0,0.0,0.0,0.018203706467496198,0,0,0.696969696969697,0.5389566867650915
1786903122.3868985,74,2.92,2,standing,standing,standing,0,0.0,0.75,0.021937131542584243,0.0,0.021781387659734773,0.5794909689237534,11.084466365689511,,0.0,0.0,0.0,0.01816509793602303,0,0,0.7272727272727273,0.5412571427773882
1786903122.5397437,75,2.96,2,standing,standing,standing,0,0.0,0.75,0.0201312602889998,0.0,0.020207428247477247,0.5805427633854091,11.051400840350896,,0.0,0.0,0.0,0.01803442478195378,0,0,0.7575757575757576,0.5435172220022841
1786903122.6746404,76,3.0,2,standing,standing,standing,0,0.0,0.75,0.021936237767775653,0.0,0.021842072855761646,0.5817682058319366,10.864351376987754,,0.0,0.0,0.0,0.017913176151792196,0,0,0.7878787878787878,0.5457472501193983
1786903122.7983098,77,3.04,2,standing,standing,standing,0,0.0,0.75,0.021692347051525673,0.0,0.026674773520216216,0.5795330887367826,10.819911220887166,,0.0,0.0,0.0,0.018017718103905928,0,0,0.8181818181818182,0.5478319957949445
1786903122.8879294,78,3.08,2,standing,standing,standing,0,0.0,0.75,0.024213604523132363,0.0,0.029760708370229164,0.5794256441488276,10.73545385870215,,0.0,0.0,0.0,0.018193651625490647,0,0,0.8484848484848485,0.5498508144503693
1786903123.0926573,79,3.12,2,standing,standing,standing,0,0.0,0.75,0.026825892941745484,0.0,0.03211958293960178,0.5805677433157189,10.596450363416956,,0.0,0.0,0.0,0.018450080083361076,0,0,0.8787878787878788,0.5518533693139135
1786903123.253927,80,3.16,2,standing,standing,standing,0,0.0,0.75,0.02743153781693656,0.0,0.034058466660206135,0.5802198359453823,10.374438490739688,,0.0,0.0,0.0,0.018804765627600487,0,0,0.9090909090909091,0.5538007925933198
1786903123.370143,81,3.2,2,standing,standing,standing,0,0.0,0.75,0.026986997151483113,0.0,0.03743262420954826,0.5806519521062359,9.87200693680153,,0.0,0.0,0.0,0.019312210673344533,0,0,0.9393939393939394,0.5555868030829629
1786903123.4672282,82,3.24,2,standing,standing,standing,0,0.0,0.75,0.02616780726216351,0.0,0.03873637123654743,0.5800172424507479,9.382703787636938,,0.0,0.0,0.0,0.019966183273927726,0,0,0.9696969696969697,0.5571633232964054
1786903123.6387968,83,3.28,2,standing,standing,standing,0,0.0,0.75,0.025170038004523318,0.0,0.03844443673257554,0.5777921060565043,9.065785132100357,,0.0,0.0,0.0,0.02062439323136685,0,0,1.0,0.558571156858549
1786903123.7128696,84,3.32,2,standing,standing,standing,0,0.0,0.75,0.026838321525009003,0.0,0.039128318488622756,0.5793384925860003,8.485508559851871,,0.0,0.0,0.0,0.021361153291343304,0,0,1.0,0.5598394580478925
1786903123.8602617,85,3.36,2,standing,standing,standing,0,0.0,0.75,0.024296563027517124,0.0,0.03777602918650444,0.5820435707413671,7.897123941129505,,0.0,0.0,0.0,0.022085217276754256,0,0,1.0,0.5610679312246556
1786903124.0157287,86,3.4,2,standing,standing,standing,0,0.0,0.75,0.02450382265652054,0.0,0.035351359283851705,0.5844226904473764,7.345428964777507,,0.0,0.0,0.0,0.022745992617329108,0,0,1.0,0.562211242006786
1786903124.175592,87,3.44,2,standing,standing,standing,0,0.0,0.75,0.02507672500541689,0.0,0.032906024458105504,0.5872688358505342,6.884841214965067,,0.0,0.0,0.0,0.023305741855648536,0,0,1.0,0.5633456226365089
1786903124.284171,88,3.48,2,standing,standing,standing,0,0.0,0.75,0.025283057899120852,0.0,0.0316549407120211,0.5879164858465011,6.57416604269891,,0.0,0.0,0.0,0.023847626047343126,0,0,1.0,0.5644537498460844
1786903124.5283291,89,3.52,2,standing,standing,standing,0,0.0,0.75,0.02851226173400255,0.0,0.03196500766021229,0.5886990820236881,6.399634984860422,,0.0,0.0,0.0,0.024392812550506213,0,0,1.0,0.5656649456995996
1786903124.6425283,90,3.56,2,standing,standing,standing,0,0.0,0.75,0.03341650999255604,0.0,0.029369687511591778,0.5890214906057276,6.54523141129994,,0.0,0.0,0.0,0.02480957807809508,0,0,1.0,0.5669131364943385
1786903124.7305303,91,3.6,2,standing,standing,standing,0,0.0,0.75,0.03877462648907112,0.0,0.03158790350655497,0.5900279421588984,6.87690387610008,,0.0,0.0,0.0,0.025287488952585948,0,0,1.0,0.568312290427663
1786903124.8794281,92,3.64,2,standing,standing,standing,0,0.0,0.75,0.04040529638587299,0.0,0.03225070709088529,0.5899903162964928,7.3194977208518,,0.0,0.0,0.0,0.025779872933501074,0,0,1.0,0.5697789485930763
1786903124.9549472,93,3.68,2,standing,standing,standing,0,0.0,0.75,0.03841178272896994,0.0,0.029503659160091084,0.5931705859529137,7.548127838130806,,0.0,0.0,0.0,0.026141511993565614,0,0,1.0,0.5713487147192996
1786903125.133103,94,3.72,2,standing,standing,standing,0,0.0,0.75,0.03682350032581838,0.0,0.029087987898630714,0.5932091910071093,7.859209500694549,,0.0,0.0,0.0,0.026480887217000766,0,0,1.0,0.5729758646130543
1786903125.3418372,95,3.76,2,standing,standing,standing,0,0.0,0.75,0.03749314013948096,0.0,0.02751216109078615,0.5939242998756438,8.3128311416941,,0.0,0.0,0.0,0.02673257189161254,0,0,1.0,0.5746790011788871
1786903125.4807222,96,3.8,2,standing,standing,standing,0,0.0,0.75,0.03524516413812464,0.0,0.02796204249598106,0.5936986365383198,8.777129037472369,,0.0,0.0,0.0,0.02705276936133758,0,0,1.0,0.5764461031527253
1786903125.6210804,97,3.84,2,standing,standing,standing,0,0.0,0.75,0.0337215872988689,0.0,0.036286380778120596,0.5934286831121408,9.07262816228796,,0.0,0.0,0.0,0.027634185927701747,0,0,1.0,0.57821142950874
1786903125.6959796,98,3.88,2,standing,standing,standing,0,0.0,0.75,0.029971652366117357,0.0,0.036051426466165964,0.5907025276751146,9.407457701485946,,0.0,0.0,0.0,0.0282512079612374,0,0,1.0,0.5798183562229194
1786903125.9288785,99,3.92,2,standing,standing,standing,0,0.0,0.75,0.027365376327590625,0.0,0.041781240619288354,0.5885259868905403,9.580577794228732,,0.0,0.0,0.0,0.028989573025757,0,0,1.0,0.581182284095018
1786903126.0888987,100,3.96,2,standing,standing,standing,0,0.0,0.75,0.023095219325963215,0.0,0.04822173338614481,0.5872642761575502,9.356839594660977,,0.0,0.0,0.0,0.029905482067433018,0,0,1.0,0.5823154133507316
1786903126.177223,101,4.0,2,standing,standing,standing,0,0.0,0.75,0.025327615567478888,0.0,0.05451926659367545,0.584444567415204,9.239030119359388,,0.0,0.0,0.0,0.031024184203109408,0,0,1.0,0.5831281557763034
1786903126.3464081,102,4.04,2,standing,standing,standing,0,0.0,0.75,0.029566697862611027,0.0,0.06215984551347146,0.5837551500733135,9.22731731952923,,0.0,0.0,0.0,0.03239965843225634,0,0,1.0,0.5837706985786001
1786903126.5021145,103,4.08,2,standing,standing,standing,0,0.0,0.75,0.03126506250103948,0.0,0.07053291063448479,0.5805488553353865,9.378958915773918,,0.0,0.0,0.0,0.03402565262507555,0,0,1.0,0.5842306169480558
1786903126.6642284,104,4.12,2,standing,standing,standing,0,0.0,0.75,0.029989548057052104,0.0,0.06999238530395273,0.5785316916195637,9.503149150533913,,0.0,0.0,0.0,0.03559925343074977,0,0,1.0,0.584518752031431
1786903126.7504802,105,4.16,2,standing,standing,standing,0,0.0,0.75,0.028491247371097334,0.0,0.06923770063676299,0.5716276047708739,9.824958003698791,,0.0,0.0,0.0,0.0371264761557104,0,0,1.0,0.5844804714238063
1786903126.9519458,106,4.2,2,standing,standing,standing,0,0.0,0.75,0.030266429013622316,0.0,0.06113789999224089,0.5695621926946841,9.844204473359728,,0.0,0.0,0.0,0.03839498396666804,0,0,1.0,0.5842767486841285
1786903127.0896742,107,4.24,2,standing,standing,standing,0,0.0,0.75,0.028046547569631614,0.0,0.06043718316244227,0.5694482271691612,9.931039369855432,,0.0,0.0,0.0,0.03956637170917431,0,0,1.0,0.5839724231764136
1786903127.3324473,108,4.28,2,standing,standing,standing,0,0.0,0.75,0.02474333735141213,0.0,0.055084436163355094,0.570627315286978,10.037735662022913,,0.0,0.0,0.0,0.0406232507369282,0,0,1.0,0.5836719550522188
1786903127.409331,109,4.32,2,standing,standing,standing,0,0.0,0.75,0.024385844021018663,0.0,0.04376697998913757,0.5738885435328429,10.073012476242177,,0.0,0.0,0.0,0.04128764186218201,0,0,1.0,0.5834331774067916
1786903127.5666504,110,4.36,2,standing,standing,standing,0,0.0,0.75,0.020789314591988833,0.0,0.038816939393775056,0.575097406553317,10.480010169560193,,0.0,0.0,0.0,0.04165558628259288,0,0,1.0,0.5832987627951717
1786903127.6625123,111,4.4,2,standing,standing,standing,0,0.0,0.75,0.016440566403229835,0.0,0.03390848220226671,0.575253081163226,10.743412543295019,,0.0,0.0,0.0,0.04178127639871523,0,0,1.0,0.5831723214925775
1786903127.8947384,112,4.44,2,standing,standing,standing,0,0.0,0.75,0.015220980764649918,0.0,0.025968150592503018,0.5767191746798457,10.674772216055674,,0.0,0.0,0.0,0.04159486935789407,0,0,1.0,0.5830556982005813
1786903127.975946,113,4.48,2,standing,standing,standing,0,0.0,0.75,0.017662353149886616,0.0,0.02715378572532263,0.5771169909136502,10.577413986894857,,0.0,0.0,0.0,0.041385636602291526,0,0,1.0,0.5829616725935592
1786903128.1017008,114,4.52,2,standing,standing,standing,0,0.0,0.75,0.018977483377797696,0.0,0.029057113387102967,0.5736874867354147,10.72326583464106,,0.0,0.0,0.0,0.04113183324403561,0,0,1.0,0.5827506281883829
1786903128.2320926,115,4.56,2,standing,standing,standing,0,0.0,0.75,0.0167629326250388,0.0,0.028676260569740968,0.5751256697087705,10.45078360066795,,0.0,0.0,0.0,0.04082698140564754,0,0,1.0,0.5826023987113532
1786903128.361856,116,4.6,2,standing,standing,standing,0,0.0,0.75,0.01704276854157755,0.0,0.026340484341734343,0.5745012646158539,10.349619027454597,,0.0,0.0,0.0,0.040460194969561436,0,0,1.0,0.5825026762434548
1786903128.5834122,117,4.64,2,standing,standing,standing,0,0.0,0.75,0.017476856898605564,0.0,0.029737215283028393,0.5708197253863023,10.384456596159099,,0.0,0.0,0.0,0.04017561608454343,0,0,1.0,0.5822445317828576
1786903128.6921368,118,4.68,2,standing,standing,standing,0,0.0,0.75,0.016520942426804498,0.0,0.030470237383915397,0.567501627002416,10.316141781302388,,0.0,0.0,0.0,0.039954228454161946,0,0,1.0,0.5818038668210713
1786903128.8183215,119,4.72,2,standing,standing,standing,0,0.0,0.75,0.01673446923600887,0.0,0.028707383004948257,0.5616123416295722,10.32333885328102,,0.0,0.0,0.0,0.039752895839649714,0,0,1.0,0.5811126441296228
1786903128.9880333,120,4.76,2,standing,standing,standing,0,0.0,0.75,0.016969792640298315,0.0,0.026228580532391226,0.5586734595675338,10.152095364947847,,0.0,0.0,0.0,0.03955054905402201,0,0,1.0,0.5802461175755925
1786903129.0758886,121,4.8,2,standing,standing,standing,0,0.0,0.75,0.017478694142076937,0.0,0.02494486594559145,0.5558334838011503,10.003148849234213,,0.0,0.0,0.0,0.0393472134550393,0,0,1.0,0.5792739053924
1786903129.2346282,122,4.84,2,idle,standing,standing,0,0.0,0.85,0.014440086900415138,0.0,0.025302245562189782,0.5531495958831794,9.92700083677839,,0.0,0.0,0.0,0.03914531157328104,0,0,1.0,0.5781966482366271
1786903129.360353,123,4.88,2,standing,standing,standing,0,0.0,0.75,0.01573951571324533,0.0,0.024408336541899833,0.5509893873204801,9.844313767281097,,0.0,0.0,0.0,0.038994967604502495,0,0,1.0,0.5770441602582862
1786903129.5224636,124,4.92,2,standing,standing,standing,0,0.0,0.75,0.016807991101710898,0.0,0.02537005195070241,0.5502288741795924,9.731414995092452,,0.0,0.0,0.0,0.03880654786038575,0,0,1.0,0.5758381278952769
1786903129.6649532,125,4.96,2,standing,standing,standing,0,0.0,0.75,0.02296214036854939,0.0,0.02866359343683642,0.5511877420621336,9.329431093847369,,0.0,0.0,0.0,0.038697847446626694,0,0,1.0,0.5746622923124174
1786903129.7713168,126,5.0,2,standing,standing,standing,0,0.0,0.75,0.026345400581197026,0.0,0.028454721615656393,0.5479290138718448,9.081934022668449,,0.0,0.0,0.0,0.038666061460431694,0,0,1.0,0.5732913355826881
1786903129.9340334,127,5.04,2,standing,standing,standing,0,0.0,0.75,0.03474776593570528,0.0,0.04026633579804592,0.5472925828727364,8.642938645032036,,0.0,0.0,0.0,0.039004799275565494,0,0,1.0,0.57189992321498
1786903130.094017,128,5.08,2,standing,standing,standing,0,0.0,0.75,0.03955603662860249,0.0,0.04360489799653774,0.5477461795141745,8.243791358552446,,0.0,0.0,0.0,0.03949245796967918,0,0,1.0,0.5705005862343294
1786903130.1928158,129,5.12,2,standing,standing,standing,0,0.0,0.75,0.05135056919070375,0.0,0.058466882544988406,0.5497218694651187,7.719844259904764,,0.0,0.0,0.0,0.04041684706207334,0,0,1.0,0.5691679569290808
1786903130.316143,130,5.16,2,standing,standing,standing,0,0.0,0.75,0.06044754568824159,0.0,0.07627880731927364,0.5525718414186571,7.435969569669732,,0.0,0.0,0.0,0.04162873877544161,0,0,1.0,0.5679298708171571
1786903130.5011098,131,5.2,2,standing,standing,standing,0,0.0,0.75,0.06963281617241053,0.0,0.08365154259535597,0.5586947188792295,7.167196881618791,,0.0,0.0,0.0,0.043071166536932215,0,0,1.0,0.5669599372172819
1786903130.5820236,132,5.24,2,standing,standing,standing,0,0.0,0.75,0.07313779285723608,0.0,0.0866138861224035,0.562089236333248,6.94762847088108,,0.0,0.0,0.0,0.04442973155217814,0,0,1.0,0.5661588235640305
1786903130.7101564,133,5.28,2,carrying,standing,standing,0,0.0,0.6379242091439858,0.0820221440171442,0.0,0.09749612617681945,0.5632070152399765,7.151637313564898,,0.0,0.0,0.030303030303030304,0.04592289497007737,0,0,0.9696969696969697,0.5654298156574373
1786903131.003366,134,5.32,2,standing,standing,standing,0,0.0,0.75,0.07937076078545413,0.0,0.09918415622989286,0.5676041748244943,7.115897326594192,,0.0,0.0,0.030303030303030304,0.04727637647420516,0,0,0.9696969696969697,0.5649195007304462
1786903131.1712694,135,5.36,2,carrying,standing,standing,0,0.0,0.6426118497144928,0.0804215864938519,0.0,0.10341104693310357,0.5710197495241547,7.399185216461423,,0.0,0.0,0.06060606060606061,0.04852641288086069,0,0,0.9393939393939394,0.5645335795016837
1786903131.2946534,136,5.4,2,standing,standing,standing,0,0.0,0.75,0.0734113007088401,0.0,0.09503942454955766,0.5764566569581462,7.778553565065758,,0.0,0.0,0.06060606060606061,0.04926903451465078,0,0,0.9393939393939394,0.5644095734902522
1786903131.514271,137,5.44,2,standing,standing,standing,0,0.0,0.75,0.06786915134705769,0.0,0.0900106327893983,0.5802773908406957,8.242902513517373,,0.0,0.0,0.06060606060606061,0.049875648074815794,0,0,0.9393939393939394,0.5644624734666501
1786903131.5938578,138,5.48,2,standing,standing,material_handling,1,1.0,0.75,0.05627546275390506,0.0,0.07469558631135767,0.5829160131136265,8.716124832647843,,0.0,0.0,0.06060606060606061,0.050041038549803504,0,1,0.9393939393939394,0.5648045464467335
1786903131.7418005,139,5.52,2,standing,standing,standing,0,0.0,0.75,0.04682100245755817,0.0,0.05637972975301407,0.5856246049591699,9.26600421173064,,0.0,0.0,0.06060606060606061,0.04989685157285724,0,0,0.9393939393939394,0.5652912862123239
1786903131.9109263,140,5.56,2,standing,standing,standing,0,0.0,0.75,0.03930937345649533,0.0,0.04606777567376904,0.5881216024380405,9.572107469565477,,0.0,0.0,0.06060606060606061,0.04946141498229139,0,0,0.9393939393939394,0.5658571460689567
1786903132.0775177,141,5.6,2,standing,standing,standing,0,0.0,0.75,0.03398292330902878,0.0,0.04111288798354512,0.588142222206703,9.708124319125078,,0.0,0.0,0.06060606060606061,0.04903803473441836,0,0,0.9393939393939394,0.5663879008241
1786903132.3372366,142,5.64,2,standing,standing,standing,0,0.0,0.75,0.02301054045759804,0.0,0.028187721269750592,0.5894137218396284,9.838263774620703,,0.0,0.0,0.06060606060606061,0.04856593598534602,0,0,0.9393939393939394,0.5668583607727903
1786903132.5036254,143,5.68,2,standing,standing,standing,0,0.0,0.75,0.02135571153642831,0.0,0.022182939447348216,0.5917665036095592,9.726535439091547,,0.0,0.0,0.06060606060606061,0.04806187538090885,0,0,0.9393939393939394,0.5673634849260099
1786903132.6287956,144,5.72,2,standing,standing,standing,0,0.0,0.75,0.015533301972254304,0.0,0.012920711353980503,0.5911827140249639,9.892853419430818,,0.0,0.0,0.06060606060606061,0.04742588232490017,0,0,0.9393939393939394,0.5678462010733352
1786903132.7253273,145,5.76,2,idle,standing,standing,0,0.0,0.85,0.012931375012564026,0.0,0.008627637164753612,0.5891850297532292,10.151991099469148,,0.0,0.0,0.06060606060606061,0.04690041222102898,0,0,0.9393939393939394,0.5682239542573772
1786903132.9138656,146,5.8,2,idle,standing,standing,0,0.0,0.85,0.012105014574136081,0.0,0.007396190241698192,0.5869610229922779,10.280720747480682,,0.0,0.0,0.06060606060606061,0.04630169720637369,0,0,0.9393939393939394,0.5685222582597599
1786903133.02819,147,5.84,2,idle,standing,standing,0,0.0,0.85,0.012925187909232038,0.0,0.0076288181198683365,0.5863783476112161,10.448590156105672,,0.0,0.0,0.06060606060606061,0.0456523549255484,0,0,0.9393939393939394,0.5689068298014508
1786903133.2352242,148,5.88,2,idle,standing,standing,0,0.0,0.85,0.012925707026324654,0.0,0.007917113773003533,0.5859304297927455,10.540941982331866,,0.0,0.0,0.06060606060606061,0.04502328987110182,0,0,0.9393939393939394,0.5692342467736925
1786903133.3327985,149,5.92,2,idle,idle,idle,0,0.0,0.85,0.012334627481481217,0.0,0.008195431937525165,0.5841305472834627,10.652921009379982,,0.0,0.0,0.06060606060606061,0.044473439798247,0,0,0.9393939393939394,0.5695260432181655
1786903133.4933696,150,5.96,2,idle,idle,idle,0,0.0,0.85,0.011404282095320952,0.0,0.007995802632444845,0.582548034404295,10.79933290455939,,0.0,0.0,0.06060606060606061,0.04381460911186567,0,0,0.9393939393939394,0.569881446521741
1786903133.698421,151,6.0,2,idle,idle,idle,0,0.0,0.85,0.011572186692405369,0.0,0.007397520331463992,0.5800940042500417,11.134281495027858,,0.0,0.0,0.06060606060606061,0.04311543586785199,0,0,0.9393939393939394,0.570263033711063
1786903133.8720353,152,6.04,2,idle,idle,idle,0,0.0,0.85,0.009450507351551266,0.0,0.007063029199449824,0.5770599745853099,11.470467417543869,,0.0,0.0,0.06060606060606061,0.04245954635859446,0,0,0.9393939393939394,0.5707311438006307
1786903134.0466475,153,6.08,2,idle,idle,idle,0,0.0,0.85,0.009897907794914392,0.0,0.006883171901517083,0.5769157198457638,11.650415233309237,,0.0,0.0,0.06060606060606061,0.041873321854628574,0,0,0.9393939393939394,0.5712839395666378
1786903134.3209753,154,6.12,2,idle,idle,idle,0,0.0,0.85,0.009706930075436609,0.0,0.006800678387608652,0.5770959111782537,11.68126971152819,,0.0,0.0,0.06060606060606061,0.04132349798923517,0,0,0.9393939393939394,0.5719282555477622
1786903134.4687624,155,6.16,2,idle,idle,idle,0,0.0,0.85,0.009857938839965202,0.0,0.007234789903820181,0.5771634827448091,11.640804984013496,,0.0,0.0,0.06060606060606061,0.040775999332920934,0,0,0.9393939393939394,0.5726559490890235
1786903134.606802,156,6.2,2,idle,idle,idle,0,0.0,0.85,0.009414867365871528,0.0,0.006605638676494881,0.5767502824679137,11.635038254317458,,0.0,0.0,0.06060606060606061,0.040236523640029866,0,0,0.9393939393939394,0.5734365822753095
1786903134.7679884,157,6.24,2,idle,idle,idle,0,0.0,0.85,0.010693370137032336,0.0,0.005950743117718395,0.5763374436958767,11.598278653678031,,0.0,0.0,0.06060606060606061,0.03964805973600005,0,0,0.9393939393939394,0.5742277510485303
1786903134.8588357,158,6.28,2,idle,idle,idle,0,0.0,0.85,0.010585263648197587,0.0,0.0063139071302431345,0.5751224152421466,11.536345044127833,,0.0,0.0,0.06060606060606061,0.03897079651458814,0,0,0.9393939393939394,0.5749530441751972
1786903135.0174353,159,6.32,2,idle,idle,idle,0,0.0,0.85,0.0101120450204858,0.0,0.007043337644668833,0.5748962393441557,11.536551851700466,,0.0,0.0,0.06060606060606061,0.038321966697285485,0,0,0.9393939393939394,0.5757702328258734
1786903135.1770515,160,6.36,2,idle,idle,idle,0,0.0,0.85,0.009841947169364658,0.0,0.0071065606790288345,0.5746885545142153,11.478658774157513,,0.0,0.0,0.06060606060606061,0.03731712502701224,0,0,0.9393939393939394,0.576600413784706
1786903135.2773504,161,6.4,2,idle,idle,idle,0,0.0,0.85,0.00963150335962896,0.0,0.006855668709056959,0.5739490251960329,11.516866549854793,,0.0,0.0,0.06060606060606061,0.0362035120183007,0,0,0.9393939393939394,0.5773944394114291
1786903135.5481472,162,6.44,2,idle,idle,idle,0,0.0,0.85,0.009217358437612698,0.0,0.006389729474420039,0.5745419534371409,11.37794274359339,,0.0,0.0,0.06060606060606061,0.034625416470707715,0,0,0.9393939393939394,0.5781465631681569
1786903135.6892796,163,6.48,2,idle,idle,idle,0,0.0,0.85,0.01095446349435262,0.0,0.007177462972770517,0.5756224996512773,11.224486360663574,,0.0,0.0,0.06060606060606061,0.0325314363389955,0,0,0.9393939393939394,0.578845067963085
1786903135.9346278,164,6.52,2,idle,idle,idle,0,0.0,0.85,0.011271185509032515,0.0,0.007281731376168329,0.5772447594642902,11.067068591569985,,0.0,0.0,0.06060606060606061,0.030217199635383756,0,0,0.9393939393939394,0.5794071904050563
1786903136.1075156,165,6.56,2,idle,idle,idle,0,0.0,0.85,0.011900737948899487,0.0,0.007908964943561591,0.5778392989380572,11.07744096983152,,0.0,0.0,0.06060606060606061,0.0278322020239037,0,0,0.9393939393939394,0.5798844650294446
1786903136.2126033,166,6.6,2,idle,idle,idle,0,0.0,0.85,0.011285398190249624,0.0,0.008564016204516876,0.5803519867827699,10.882736306073053,,0.0,0.0,0.030303030303030304,0.025137289600500587,0,0,0.9696969696969697,0.5804040096216505
1786903136.3536599,167,6.64,2,idle,idle,idle,0,0.0,0.85,0.012665359322716487,0.0,0.010741218763060046,0.5819053729642423,10.755336248325793,,0.0,0.0,0.030303030303030304,0.022457200586354135,0,0,0.9696969696969697,0.5808373792622489
1786903136.5440009,168,6.68,2,standing,idle,idle,0,0.0,0.75,0.016404551564531116,0.0,0.013147142724881525,0.5842446476193845,10.751392944820262,,0.0,0.0,0.0,0.01972193076186256,0,0,1.0,0.581238133749983
1786903136.7626579,169,6.72,2,standing,idle,idle,0,0.0,0.75,0.020164325264937444,0.0,0.01589505967685207,0.5865336001561463,10.876680226808215,,0.0,0.0,0.0,0.017323616674810877,0,0,1.0,0.581543495665074
1786903136.8650103,170,6.76,2,standing,idle,idle,0,0.0,0.75,0.022744890868602725,0.0,0.022100317540154568,0.5857171525467355,10.953311238886588,,0.0,0.0,0.0,0.015265728333924703,0,0,1.0,0.5817083369288932
1786903137.0476985,171,6.8,2,standing,idle,idle,0,0.0,0.75,0.025053996007596738,0.0,0.025517280881552525,0.5851283001502329,10.991777999313149,,0.0,0.0,0.0,0.013775476654233638,0,0,1.0,0.5817753759300026
1786903137.1986246,172,6.84,2,standing,standing,standing,0,0.0,0.75,0.025688314303868504,0.0,0.028407271700928785,0.5825206117189878,11.183700754579636,,0.0,0.0,0.0,0.012927826410231056,0,0,1.0,0.581681315528785
1786903137.2757761,173,6.88,2,standing,standing,standing,0,0.0,0.75,0.02645278922939085,0.0,0.03360587474076224,0.5796916455027488,11.277103405936277,,0.0,0.0,0.0,0.012550193048624786,0,0,1.0,0.5814258622883217
1786903137.4202878,174,6.92,2,standing,standing,standing,0,0.0,0.75,0.029427307723926918,0.0,0.03587772192748648,0.5782894473335289,11.28707662986992,,0.0,0.0,0.0,0.012391551652986648,0,0,1.0,0.5811272933527708
1786903137.532964,175,6.96,2,standing,standing,standing,0,0.0,0.75,0.029007210476164065,0.0,0.03672527512663998,0.5784526871883039,11.015353124832687,,0.0,0.0,0.0,0.012650265406225719,0,0,1.0,0.5807951407875792
1786903137.6593442,176,7.0,2,standing,standing,standing,0,0.0,0.75,0.026376062169342164,0.0,0.03832357133033022,0.5769973215583925,10.716374667451303,,0.0,0.0,0.0,0.01313937546328578,0,0,1.0,0.5803475898163317
1786903137.882782,177,7.04,2,standing,standing,standing,0,0.0,0.75,0.02377147372848133,0.0,0.037966078139564145,0.5747921059061795,10.343979802188327,,0.0,0.0,0.0,0.013898325971939829,0,0,1.0,0.5798509047218231
1786903138.0305448,178,7.08,2,standing,standing,standing,0,0.0,0.75,0.027107241569445734,0.0,0.04534576524178217,0.5741818039093756,10.077935812299389,,0.0,0.0,0.0,0.015010996519728573,0,0,1.0,0.5793962615144337
1786903138.169995,179,7.12,2,standing,standing,standing,0,0.0,0.75,0.026011441495271997,0.0,0.04435196536648574,0.5773663842703611,9.69205874674925,,0.0,0.0,0.0,0.016130868493206985,0,0,1.0,0.5791055148864969
1786903138.2993257,180,7.16,2,standing,standing,standing,0,0.0,0.75,0.03525788805772443,0.0,0.058201126814136854,0.5916522289696556,9.764416396965954,,0.0,0.0,0.0,0.017663362696063604,0,0,1.0,0.5792653294731162
1786903138.3830156,181,7.2,2,standing,standing,standing,0,0.0,0.75,0.0353870158490247,0.0,0.07726278790759056,0.6031119960715685,9.529779829768886,,0.0,0.0,0.0,0.01976474676074806,0,0,1.0,0.5797859829967167
1786903138.5679343,182,7.24,2,standing,standing,standing,0,0.0,0.75,0.04476318132510785,0.0,0.09156823782686059,0.6120935801248937,9.2542280196228,,0.0,0.0,0.0,0.022291195424061258,0,0,1.0,0.5806333476282753
1786903138.7435412,183,7.28,2,standing,standing,standing,0,0.0,0.75,0.0471627433984729,0.0,0.11390453712371881,0.637166602937252,9.138239924034508,,0.0,0.0,0.0,0.02550055101470592,0,0,1.0,0.5822884557656376
1786903138.8091605,184,7.32,2,standing,standing,standing,0,0.0,0.75,0.05380813215406506,0.0,0.14849768402859082,0.6704702953848367,9.169201675477789,,0.0,0.0,0.0,0.029776313550982487,0,0,1.0,0.585027131254571
1786903139.00055,185,7.36,2,standing,standing,standing,0,0.0,0.75,0.061008317396317985,0.0,0.17483407921091257,0.7126932664036588,9.253475805424431,,0.0,0.0,0.0,0.03486028476345106,0,0,1.0,0.5891372310066421
1786903139.1333942,186,7.4,2,standing,standing,standing,0,0.0,0.75,0.06261417686643583,0.0,0.1940953153404346,0.7493936130031176,9.420062746065595,,0.0,0.0,0.0,0.04053338001917583,0,0,1.0,0.5943638338295922
1786903139.203312,187,7.44,2,standing,standing,standing,0,0.0,0.75,0.058574076432577074,0.0,0.2022475302290078,0.7924091851684181,9.69442962796615,,0.0,0.0,0.0,0.04645601189315763,0,0,1.0,0.6008884784959607
1786903139.3818414,188,7.48,2,standing,standing,material_handling,1,1.0,0.75,0.059496165402153744,0.0,0.20839378143802056,0.8368159373768765,9.730734806668991,,0.0,0.0,0.0,0.052551738909345516,0,1,1.0,0.6087567346969326
1786903139.475911,189,7.52,2,standing,standing,material_handling,1,1.0,0.75,0.05423080306624606,0.0,0.19919690897643283,0.8814640094167112,9.64836064566833,,0.0,0.0,0.0,0.05838783800934363,0,1,1.0,0.6179904839984112
1786903139.592767,190,7.56,2,standing,standing,material_handling,1,1.0,0.75,0.053749007007175977,0.0,0.1892439338450377,0.9285254139103074,9.260093678477693,,0.0,0.0,0.0,0.0639421771222927,0,1,1.0,0.6286628467321818
1786903139.7792914,191,7.6,2,standing,standing,material_handling,1,1.0,0.75,0.048140732996048013,0.0,0.1842087006390716,0.9798870301878683,9.055550805771528,,0.0,0.0,0.0,0.06933292844074206,0,1,1.0,0.6409284411244764
1786903139.880706,192,7.64,2,standing,standing,material_handling,1,1.0,0.75,0.04932133461694296,0.0,0.18665608908093706,1.0105670648881666,8.648619165534713,,0.0,0.0,0.0,0.07477573909032594,0,1,1.0,0.6541305873530829
1786903140.0477414,193,7.68,2,standing,standing,material_handling,1,1.0,0.75,0.04620574822331847,0.0,0.1742125944922509,1.0146448688907268,8.336152759434544,,0.0,0.0,0.0,0.07983955829678721,0,1,1.0,0.6674625968796437
1786903140.1603382,194,7.72,2,standing,standing,material_handling,1,1.0,0.75,0.0437964058229425,0.0,0.16368023400299667,1.0236806862248602,8.470959787146167,,0.0,0.0,0.0,0.08459181785114903,0,1,1.0,0.6810908290320326
1786903140.2745562,195,7.76,2,standing,standing,material_handling,1,1.0,0.75,0.04071100295753934,0.0,0.15075798901614323,1.0310802382021917,8.542470237139415,,0.0,0.0,0.0,0.08896661359483761,0,1,1.0,0.6949253225097614
1786903140.4182086,196,7.8,2,standing,standing,material_handling,1,1.0,0.75,0.038351051129117686,0.0,0.14315090021860144,1.0447074928381024,8.685684102598746,,0.0,0.0,0.0,0.0930870207841052,0,1,1.0,0.7091400192729986
1786903140.5043821,197,7.84,2,standing,standing,material_handling,1,1.0,0.75,0.04929139295358456,0.0,0.1663948279255213,1.0277582572204036,8.893381655095997,,0.0,0.0,0.0,0.09790862977044924,0,1,1.0,0.7227919434474261
1786903140.6607804,198,7.88,2,standing,standing,material_handling,1,1.0,0.75,0.04571291547823898,0.0,0.19135716108286824,0.9997235471263762,8.812687876168756,,0.0,0.0,0.0,0.1034676660170949,0,1,1.0,0.7355763146046479
1786903140.7467663,199,7.92,2,standing,standing,material_handling,1,1.0,0.75,0.04800945972979362,0.0,0.19031714359425184,0.9690690346375791,9.077236803421835,,0.0,0.0,0.0,0.10897533654405657,0,1,1.0,0.7473556190850966
1786903140.8918004,200,7.96,2,standing,standing,material_handling,1,1.0,0.75,0.04351838461065598,0.0,0.2062084147078777,0.9379750789675535,9.10265803118661,,0.0,0.0,0.0,0.11489858490602073,0,1,1.0,0.7581456101761062
1786903141.0249598,201,8.0,2,standing,standing,material_handling,1,1.0,0.75,0.03833907710968897,0.0,0.18826785803418145,0.9122884174171567,9.443569382837264,,0.0,0.0,0.0,0.1202052732487268,0,1,1.0,0.7680863304730083
1786903141.160595,202,8.04,2,standing,standing,material_handling,1,1.0,0.75,0.04382800280672501,0.0,0.17593930495082405,0.921556524953818,10.107134819670645,,0.0,0.0,0.0,0.12505509886308958,0,1,1.0,0.778238540315362
1786903141.314236,203,8.08,2,standing,standing,material_handling,1,1.0,0.75,0.04039905767950114,0.0,0.16933937904126017,0.9543403552038795,10.690003409875478,,0.0,0.0,0.0,0.12951688860554736,0,1,1.0,0.7894089403958815
1786903141.494828,204,8.12,2,standing,standing,material_handling,1,1.0,0.75,0.043245198876804405,0.0,0.1731806627661162,0.9875576139469731,10.242077016102042,,0.0,0.0,0.0,0.1339915365414432,0,1,1.0,0.8016037680866918
1786903141.5773637,205,8.16,2,standing,standing,material_handling,1,1.0,0.75,0.047829522180971404,0.0,0.17401315651131866,1.0151581207460803,10.342604121536786,,0.0,0.0,0.0,0.13840383608115198,0,1,1.0,0.8147139956329673
1786903141.7619047,206,8.2,2,standing,standing,material_handling,1,1.0,0.75,0.036548359438447996,0.0,0.15324816707529848,1.027876582521223,10.311458559252184,,0.0,0.0,0.0,0.14202936009128944,0,1,1.0,0.8282953573607998
1786903141.844564,207,8.24,2,standing,standing,material_handling,1,1.0,0.75,0.05190694256472442,0.0,0.160131476907315,1.03595703237955,10.197354309174148,,0.0,0.0,0.0,0.14579462539370847,0,1,1.0,0.8421640720591641
1786903142.0507162,208,8.28,2,standing,standing,material_handling,1,1.0,0.75,0.04786250451938822,0.0,0.16573351522113033,1.0388319464340594,10.647552405050655,,0.0,0.0,0.0,0.14970396600263244,0,1,1.0,0.8561149587029749
1786903142.2900205,209,8.32,2,standing,standing,material_handling,1,1.0,0.75,0.05206435337061922,0.0,0.15501189211234312,1.0459453052913132,10.891404743023049,,0.0,0.0,0.0,0.15323997572329948,0,1,1.0,0.8703255036645786
1786903142.3626485,210,8.36,2,standing,standing,material_handling,1,1.0,0.75,0.05390347387728731,0.0,0.15167316523363988,1.0433684020145155,11.064961472132657,,0.0,0.0,0.0,0.15668564502918056,0,1,1.0,0.8845247853648313
1786903142.5061321,211,8.4,2,standing,standing,material_handling,1,1.0,0.75,0.04601324611998452,0.0,0.16054190278146097,1.0415306823090786,11.242623553948272,,0.0,0.0,0.0,0.16017643707583748,0,1,1.0,0.8986868725890648
1786903142.6411095,212,8.44,2,standing,standing,material_handling,1,1.0,0.75,0.048550297801284996,0.0,0.1713460364163514,1.0342972901589707,11.632120371223287,,0.0,0.0,0.0,0.1640247422591668,0,1,1.0,0.9125332636765984
1786903142.8184967,213,8.48,2,standing,standing,material_handling,1,1.0,0.75,0.046116418561596734,0.0,0.16683927868726686,1.019872540955098,11.862539470911734,,0.0,0.0,0.0,0.16731680746744343,0,1,1.0,0.9255096367670661
1786903142.9280555,214,8.52,2,standing,standing,material_handling,1,1.0,0.75,0.04192386514929737,0.0,0.16420667559995142,0.988976605922627,12.430786090179774,,0.0,0.0,0.0,0.1699514707308483,0,1,1.0,0.9372025037322498
1786903143.063612,215,8.56,2,standing,standing,material_handling,1,1.0,0.75,0.04017199444132683,0.0,0.15178403286603764,0.9518140284779617,12.540132289580802,,0.0,0.0,0.0,0.17177619179264159,0,1,1.0,0.9474970627732519
1786903143.1878746,216,8.6,2,standing,standing,material_handling,1,1.0,0.75,0.023737081757893214,0.0,0.11527134919801935,0.9285231945973088,12.721267741360421,,0.0,0.0,0.0,0.17181761034034765,0,1,1.0,0.9563260503993141
1786903143.3676157,217,8.64,2,standing,standing,material_handling,1,1.0,0.75,0.027692037031009375,0.0,0.10026279005472082,0.9321907493920729,12.835835086901929,,0.0,0.0,0.0,0.170355946886594,0,1,1.0,0.9642569732480183
1786903143.5314023,218,8.68,2,standing,standing,material_handling,1,1.0,0.75,0.02537840449388557,0.0,0.08250903147651173,0.9489137128434116,12.78016599592922,,0.0,0.0,0.0,0.1675582181673697,0,1,1.0,0.9714151685946774
1786903143.6803176,219,8.72,2,standing,standing,material_handling,1,1.0,0.75,0.02080505736801592,0.0,0.07474245138160066,0.9591180216994782,12.680351455153799,,0.0,0.0,0.0,0.16394146471407176,0,1,1.0,0.9777704537066885
1786903143.8160496,220,8.76,2,standing,standing,material_handling,1,1.0,0.75,0.02087336683016104,0.0,0.05369544191175771,0.968211047595221,12.762708256362107,,0.0,0.0,0.0,0.1594398862802157,0,1,1.0,0.9830977828711368
1786903143.8990896,221,8.8,2,standing,standing,material_handling,1,1.0,0.75,0.018444029459238346,0.0,0.02874190819371462,0.9717253052727692,12.540370074219265,,0.0,0.0,0.0,0.1539958901212973,0,1,1.0,0.987185945534649
1786903144.0946107,222,8.84,2,standing,standing,material_handling,1,1.0,0.75,0.018209072497603826,0.0,0.021647302547594702,0.9727073064691121,12.05680581731902,,0.0,0.0,0.0,0.1486155990173931,0,1,1.0,0.9899508939301763
1786903144.25607,223,8.88,2,standing,standing,material_handling,1,1.0,0.75,0.017597678843806218,0.0,0.013505363990563313,0.9670243741385802,11.680759085963434,,0.0,0.0,0.0,0.14329018780968178,0,1,1.0,0.9911175290886088
1786903144.3690243,224,8.92,2,standing,standing,material_handling,1,1.0,0.75,0.0205749510590795,0.0,0.01010613455744042,0.9595986255386253,11.636668187423632,,0.0,0.0,0.0,0.13801435247387475,0,1,1.0,0.9905027289477225
1786903144.5370238,225,8.96,2,standing,standing,material_handling,1,1.0,0.75,0.019722967055042992,0.0,0.015071854155394672,0.9521600738418362,11.576337423805018,,0.0,0.0,0.0,0.1328148302034038,0,1,1.0,0.9887328201281368
1786903144.6391048,226,9.0,2,standing,standing,material_handling,1,1.0,0.75,0.024892327614083894,0.0,0.02929668759707088,0.9322729808059356,11.483904680647067,,0.0,0.0,0.0,0.12842343908536805,0,1,1.0,0.9862367023073855
1786903144.798112,227,9.04,2,standing,standing,material_handling,1,1.0,0.75,0.03245171023847856,0.0,0.05006601175383825,0.9030645147343815,10.888709683554612,,0.0,0.0,0.0,0.12498058386569656,0,1,1.0,0.9825816668076741
1786903144.9655368,228,9.08,2,standing,standing,material_handling,1,1.0,0.75,0.031866841542334504,0.0,0.05119244034690148,0.870079863467392,10.337795033399265,,0.0,0.0,0.0,0.12196344602723469,0,1,1.0,0.9777028675732862
1786903145.0478358,229,9.12,2,standing,standing,material_handling,1,1.0,0.75,0.03163608687936394,0.0,0.052185662177563624,0.8355744594832617,10.016133684204233,,0.0,0.0,0.0,0.11920692366235476,0,1,1.0,0.9713655029261699
1786903145.2514803,230,9.16,2,standing,standing,material_handling,1,1.0,0.75,0.03272200741313371,0.0,0.057032652615504754,0.7987036057542015,9.581757040829284,,0.0,0.0,0.0,0.11589291834993001,0,1,1.0,0.9644244528817394
1786903145.479476,231,9.2,2,standing,standing,material_handling,1,1.0,0.75,0.03349986785531724,0.0,0.060718713453419886,0.7571016576080548,9.172414907819583,,0.0,0.0,0.0,0.11193417751267401,0,1,1.0,0.9570722744114872
1786903145.6109495,232,9.24,2,standing,standing,material_handling,1,1.0,0.75,0.03542422836051687,0.0,0.06288157882414996,0.7150873228936447,8.648955480906007,,0.0,0.0,0.0,0.10807249373176184,0,1,1.0,0.9493758589040954
1786903145.7153223,233,9.28,2,standing,standing,material_handling,1,1.0,0.75,0.03289766769537342,0.0,0.0644914850282486,0.6722571880141831,8.08020801867873,,0.0,0.0,0.0,0.10377804131722762,0,1,1.0,0.941323801602478
1786903145.825607,234,9.32,2,standing,standing,material_handling,1,1.0,0.75,0.03188683415449234,0.0,0.06021824469444418,0.6309726618822127,7.389798505525844,,0.0,0.0,0.0,0.09989775000390223,0,1,1.0,0.9327990817377827
1786903145.955377,235,9.36,2,standing,standing,material_handling,1,1.0,0.75,0.023367442724728005,0.0,0.045332152541662965,0.5941859141156363,6.766873921839867,,0.0,0.0,0.0,0.09593995750665493,0,1,1.0,0.9228787601972318
1786903146.0843863,236,9.4,2,idle,standing,material_handling,1,1.0,0.85,0.013781313624845162,0.0,0.027274902120063057,0.5691596666988418,6.192625580410628,,0.0,0.0,0.0,0.09163497335752774,0,1,1.0,0.9112066181213214
1786903146.2168148,237,9.44,2,idle,standing,material_handling,1,1.0,0.85,0.014644471804877194,0.0,0.027933145985749433,0.5537619359134476,6.186495595208395,,0.0,0.0,0.0,0.08723353345509238,0,1,1.0,0.898061294544548
1786903146.3254604,238,9.48,2,idle,standing,material_handling,1,1.0,0.85,0.014292205890845209,0.0,0.02717985932626698,0.5394715932461682,6.199087182681813,,0.0,0.0,0.0,0.0827840396009999,0,1,1.0,0.883646551286975
1786903146.4409795,239,9.52,2,idle,standing,material_handling,1,1.0,0.85,0.012849722746965973,0.0,0.024018374469970967,0.5270424521510094,6.013644234778178,,0.0,0.0,0.0,0.07886798527962635,0,1,1.0,0.8684697594575743
1786903146.583931,240,9.56,2,standing,idle,material_handling,1,1.0,0.75,0.017190542710135277,0.0,0.028844747493347853,0.5229614356445156,5.991836166924868,,0.0,0.0,0.0,0.07488959953980917,0,1,1.0,0.8529244383443917
1786903146.7400272,241,9.6,2,standing,idle,material_handling,1,1.0,0.75,0.015495924314536851,0.0,0.039681551800267785,0.5332854574057302,6.051390115398223,,0.0,0.0,0.0,0.0710698430725103,0,1,1.0,0.8376048477677756
1786903146.915443,242,9.64,2,idle,idle,material_handling,1,1.0,0.85,0.01434901386194928,0.0,0.047310943424490125,0.5502860134068392,6.180469356834779,,0.0,0.0,0.0,0.06780617796075718,0,1,1.0,0.822584869225822
1786903147.000816,243,9.68,2,standing,idle,material_handling,1,1.0,0.75,0.015481260415191829,0.0,0.04741637515393616,0.5729753303329178,6.067394292908513,,0.0,0.0,0.0,0.06464688129167524,0,1,1.0,0.8083305337203188
1786903147.1043837,244,9.72,2,standing,idle,material_handling,1,1.0,0.75,0.015852279347977123,0.0,0.05190596151540289,0.5911913434028763,6.02832345723875,,0.0,0.0,0.0,0.06135488307149167,0,1,1.0,0.7946838870867976
1786903147.2761078,245,9.76,2,standing,standing,material_handling,1,1.0,0.75,0.015834681580063723,0.0,0.0519554682421792,0.6054638131647444,6.123880503180728,,0.0,0.0,0.0,0.057736987066213726,0,1,1.0,0.7816889332384878
1786903147.4752645,246,9.8,2,standing,standing,material_handling,1,1.0,0.75,0.017503115605759116,0.0,0.05669791250976113,0.6129124975108975,6.639572399995529,,0.0,0.0,0.0,0.05439936990931961,0,1,1.0,0.7693568107098757
1786903147.63805,247,9.84,2,standing,standing,material_handling,1,1.0,0.75,0.017705924536553633,0.0,0.06217678163348012,0.6237242695408792,7.151273375008486,,0.0,0.0,0.0,0.05130755494063867,0,1,1.0,0.7582885580922469
1786903147.7755616,248,9.88,2,standing,standing,standing,0,0.0,0.75,0.020288932160010206,0.0,0.06295654069048796,0.6335353043894837,7.536064560847926,,0.0,0.0,0.0,0.0486158127535008,0,0,1.0,0.7486437482713839
1786903147.8573346,249,9.92,2,standing,standing,standing,0,0.0,0.75,0.015127157174023834,0.0,0.05604796291232603,0.644140392032829,7.938516610958173,,0.0,0.0,0.0,0.04682116468423737,0,0,1.0,0.7400260875876118
1786903147.9648492,250,9.96,2,standing,standing,standing,0,0.0,0.75,0.015928025047151087,0.0,0.0436202976969195,0.6498179366367832,8.274994707284632,,0.0,0.0,0.0,0.045104725521879746,0,0,1.0,0.7314693356859364
1786903148.161804,251,10.0,2,standing,standing,standing,0,0.0,0.75,0.01686001419067904,0.0,0.036386074901364446,0.644738817871615,8.579099334579318,,0.0,0.0,0.0,0.0437070601711177,0,0,1.0,0.722251914626185
1786903148.241082,252,10.04,2,standing,standing,standing,0,0.0,0.75,0.01819374894674336,0.0,0.03927979680594489,0.6323901046054003,8.980700926688504,,0.0,0.0,0.0,0.042632434274885715,0,0,1.0,0.7123510686536371
1786903148.4247942,253,10.08,2,standing,standing,standing,0,0.0,0.75,0.02148348641540475,0.0,0.044948354090095156,0.6054153379451515,9.857087518904752,,0.0,0.0,0.0,0.042367371007562604,0,0,1.0,0.7013572592703016
1786903148.5492895,254,10.12,2,standing,standing,standing,0,0.0,0.75,0.02407350015113497,0.0,0.046997473287462815,0.5845910603932987,10.453871579319973,,0.0,0.0,0.0,0.04292056994979739,0,0,1.0,0.6896259185163783
1786903148.6654003,255,10.16,2,standing,standing,standing,0,0.0,0.75,0.02554921461066844,0.0,0.04948473409403217,0.5716362374385315,10.846867481276863,,0.0,0.0,0.0,0.04376412848150762,0,0,1.0,0.6774722497578759
1786903148.7609143,256,10.2,2,standing,standing,standing,0,0.0,0.75,0.024366269174205125,0.0,0.04547672074407491,0.5676814047644625,10.763820077731518,,0.0,0.0,0.0,0.04473295747403828,0,0,1.0,0.66537094765563
1786903148.938719,257,10.24,2,standing,standing,standing,0,0.0,0.75,0.026403566721600467,0.0,0.051606207153569124,0.5670754796806681,10.803037775517215,,0.0,0.0,0.0,0.045990535431496726,0,0,1.0,0.6534763068720554
1786903149.0723264,258,10.28,2,standing,standing,standing,0,0.0,0.75,0.03002609374402296,0.0,0.05898648051403753,0.5752211015705396,10.935042057350355,,0.0,0.0,0.0,0.04732128168478893,0,0,1.0,0.6420539137729252
1786903149.1637309,259,10.32,2,standing,standing,standing,0,0.0,0.75,0.030335002872715844,0.0,0.06768277438014848,0.5893317868561123,10.85676123036804,,0.0,0.0,0.0,0.04848449643579128,0,0,1.0,0.6316617563805064
1786903149.253612,260,10.36,2,standing,standing,standing,0,0.0,0.75,0.030818566264207488,0.0,0.07101064109524591,0.6000212607585437,10.677001500718593,,0.0,0.0,0.0,0.04911918217340971,0,0,1.0,0.6224786274721477
1786903149.3394587,261,10.4,2,standing,standing,standing,0,0.0,0.75,0.031018401365460548,0.0,0.06853838138678746,0.6163437227045072,10.283209783283056,,0.0,0.0,0.0,0.049644816750375936,0,0,1.0,0.6147896535096359
1786903149.4827154,262,10.44,2,standing,standing,standing,0,0.0,0.75,0.02893793928808643,0.0,0.06352407988952065,0.6332910064260362,9.863781113897106,,0.0,0.0,0.0,0.04998840516588979,0,0,1.0,0.6086598519018411
1786903149.6017132,263,10.48,2,standing,standing,material_handling,1,1.0,0.75,0.0360821222072591,0.0,0.08651440677408591,0.6586552860037898,10.21132460035521,,0.0,0.0,0.0,0.05088179165554376,0,1,1.0,0.604415963424556
1786903149.7151165,264,10.52,2,standing,standing,material_handling,1,1.0,0.75,0.04023274344020828,0.0,0.10343822198826298,0.7042543803754306,11.310064941869715,,0.0,0.0,0.0,0.05217632221720568,0,1,1.0,0.6028145307811432
1786903149.8946626,265,10.56,2,standing,standing,material_handling,1,1.0,0.75,0.04942131344592357,0.0,0.1127717927015563,0.741242457229448,12.916612042183203,,0.0,0.0,0.0,0.05368814688015739,0,1,1.0,0.6036071106095009
1786903149.986034,266,10.6,2,standing,standing,material_handling,1,1.0,0.75,0.044910642416550524,0.0,0.11357394234307343,0.7772369684557336,14.919514577988341,,0.0,0.0,0.0,0.05517549407151571,0,1,1.0,0.6067883160774266
1786903150.1196861,267,10.64,2,standing,standing,material_handling,1,1.0,0.75,0.04380746027720658,0.0,0.10857780535156053,0.8085419873936303,16.848237537798433,,0.0,0.0,0.0,0.056640935303549536,0,1,1.0,0.6121692047292878
1786903150.326333,268,10.68,2,standing,standing,material_handling,1,1.0,0.75,0.043709506306077346,0.0,0.09898348422716992,0.8327254878391381,18.871682603929784,,0.0,0.0,0.0,0.05826673323341338,0,1,1.0,0.619397676660303
1786903150.4218326,269,10.72,2,standing,standing,material_handling,1,1.0,0.75,0.04250813508583257,0.0,0.09451783153264648,0.8505036160377738,20.87889954002291,,0.0,0.0,0.0,0.060304397761067434,0,1,1.0,0.6279232508826949
1786903150.582888,270,10.76,2,standing,standing,material_handling,1,1.0,0.75,0.040146856364557386,0.0,0.09387424265129472,0.8699876739608794,23.014811183226865,,0.0,0.0,0.0,0.0623026128115385,0,1,1.0,0.6375058490053443
1786903150.7135286,271,10.8,2,standing,standing,material_handling,1,1.0,0.75,0.03923908716732302,0.0,0.08960301832822137,0.8840454932372512,25.330948081600035,,0.0,0.0,0.0,0.06419422369038562,0,1,1.0,0.6479474823384075
1786903150.8800576,272,10.84,2,standing,standing,material_handling,1,1.0,0.75,0.03159364652431225,0.0,0.06244294057413444,0.8969949817088096,27.687240532693636,,0.0,0.0,0.0,0.06535860448142086,0,1,1.0,0.6591581650522801
1786903150.9875484,273,10.88,2,standing,standing,material_handling,1,1.0,0.75,0.023593707277744652,0.0,0.03861588986008859,0.9138895477439156,29.042262855176737,,0.0,0.0,0.0,0.06565469970465543,0,1,1.0,0.6710044714795348
1786903151.1158433,274,10.92,2,idle,standing,material_handling,1,1.0,0.85,0.014453315806442204,0.0,0.027615008235741086,0.9084972433073659,29.898165840854755,,0.0,0.0,0.0,0.06528904686936675,0,1,1.0,0.6823745255977661
1786903151.3425968,275,10.96,2,idle,standing,material_handling,1,1.0,0.85,0.013339204470971243,0.0,0.019216840831267862,0.9095216183467096,30.236746853572203,,0.0,0.0,0.0,0.06443771042714788,0,1,1.0,0.6932604530201864
1786903151.4884336,276,11.0,2,idle,standing,material_handling,1,1.0,0.85,0.012075868589662227,0.0,0.016172083496912522,0.9097417801153572,30.228136327235454,,0.0,0.0,0.0,0.06349091371026838,0,1,1.0,0.7034654969529878
1786903151.5921113,277,11.04,2,idle,standing,material_handling,1,1.0,0.85,0.012959714054641669,0.0,0.01739244551353932,0.9087900891019588,30.498622265144103,,0.0,0.0,0.0,0.062445049588999796,0,1,1.0,0.7130897013681113
1786903151.7297764,278,11.08,2,idle,idle,material_handling,1,1.0,0.85,0.01483857391911996,0.0,0.02029252421426486,0.9104743538352758,30.73752155881798,,0.0,0.0,0.0,0.061485566436638744,0,1,1.0,0.7223324450247942
1786903151.867199,279,11.12,2,standing,idle,material_handling,1,1.0,0.75,0.029212696146351778,0.0,0.03398276154869054,0.8897496916917731,30.843618403952878,,0.0,0.0,0.0,0.060797228528727515,0,1,1.0,0.7307214509090632
1786903152.0189369,280,11.16,2,standing,idle,material_handling,1,1.0,0.75,0.04015280717016718,0.0,0.04010804889975403,0.8899356982647337,30.29889396461195,,0.0,0.0,0.0,0.060128479051947945,0,1,1.0,0.7387884639006951
1786903152.2499993,281,11.2,2,standing,idle,material_handling,1,1.0,0.75,0.05295641342644294,0.0,0.0427616172457416,0.8883202054553381,28.75542800771647,,0.0,0.0,0.0,0.05951651167483442,0,1,1.0,0.7465092184784482
1786903152.3536963,282,11.24,2,standing,idle,material_handling,1,1.0,0.75,0.054447218899969965,0.0,0.04275809921928147,0.8862133220405433,27.12176692628348,,0.0,0.0,0.0,0.05911378853262094,0,1,1.0,0.7538447618120154
1786903152.5651405,283,11.28,2,standing,standing,material_handling,1,1.0,0.75,0.05420182578138343,0.0,0.04681503589761251,0.8852703605244102,25.452110689259946,,0.0,0.0,0.0,0.059210598781126784,0,1,1.0,0.760979683748004
1786903152.7405128,284,11.32,2,standing,standing,material_handling,1,1.0,0.75,0.05523250102576069,0.0,0.05043674331034014,0.8840754786989716,23.661402783598117,,0.0,0.0,0.0,0.059636376611701805,0,1,1.0,0.7682323098336814
1786903152.8252218,285,11.36,2,standing,standing,material_handling,1,1.0,0.75,0.05663171737204774,0.0,0.05533108493629876,0.8774028988594595,21.715296022809337,,0.0,0.0,0.0,0.060122779282318586,0,1,1.0,0.7756569399625924
