ground_truth,sample,elapsed_seconds,observed_at,source_timestamp,track_id,accepted_delta,rejected_delta,decision,stgcn_ready,stgcn_frames,stgcn,stgcn_confidence,gru_ready,gru_observations,gru,gru_confidence
standing,1,0.0,2026-08-19T03:51:58.965604+01:00,2026-08-19T03:51:58.962054+01:00,2,22,7,cadence_slot,True,16,idle,0.9936580061912537,True,53,idle,0.5725306272506714
standing,2,0.505,2026-08-19T03:51:59.470472+01:00,2026-08-19T03:51:59.436589+01:00,2,25,7,accepted,True,16,idle,0.9935186505317688,True,56,idle,0.6156455874443054
standing,3,1.0,2026-08-19T03:51:59.967291+01:00,2026-08-19T03:51:59.774200+01:00,2,26,8,accepted,True,16,idle,0.9933851361274719,True,57,idle,0.629380464553833
standing,4,1.505,2026-08-19T03:52:00.471179+01:00,2026-08-19T03:52:00.393378+01:00,2,28,9,cadence_slot,True,16,idle,0.993455708026886,True,59,idle,0.6738339066505432
standing,5,2.003,2026-08-19T03:52:00.969460+01:00,2026-08-19T03:52:00.795405+01:00,2,29,10,cadence_slot,True,16,idle,0.9911457896232605,True,60,idle,0.7449604272842407
standing,6,2.5,2026-08-19T03:52:01.467137+01:00,2026-08-19T03:52:01.428183+01:00,2,33,10,accepted,True,16,idle,0.8849124312400818,True,64,idle,0.6929437518119812
standing,7,3.005,2026-08-19T03:52:01.982881+01:00,2026-08-19T03:52:02.011459+01:00,2,35,11,accepted,True,16,idle,0.8355256915092468,True,66,idle,0.5263301134109497
standing,8,3.504,2026-08-19T03:52:02.469781+01:00,2026-08-19T03:52:02.398949+01:00,2,36,12,cadence_slot,True,16,idle,0.817459225654602,True,67,standing,0.5074644088745117
standing,9,4.005,2026-08-19T03:52:02.971355+01:00,2026-08-19T03:52:02.818177+01:00,2,39,12,accepted,True,16,idle,0.8680444359779358,True,70,standing,0.5486111640930176
standing,10,4.504,2026-08-19T03:52:03.471301+01:00,2026-08-19T03:52:03.424083+01:00,2,42,13,accepted,True,16,idle,0.957544207572937,True,73,idle,0.5095465779304504
standing,11,5.005,2026-08-19T03:52:03.971857+01:00,2026-08-19T03:52:03.908324+01:00,2,44,14,accepted,True,16,idle,0.970737636089325,True,75,idle,0.5456058382987976
standing,12,5.5,2026-08-19T03:52:04.465365+01:00,2026-08-19T03:52:04.430532+01:00,2,47,15,accepted,True,16,idle,0.9740052819252014,True,78,idle,0.5415924191474915
standing,13,6.005,2026-08-19T03:52:04.971088+01:00,2026-08-19T03:52:04.930208+01:00,2,49,17,accepted,True,16,idle,0.9807503819465637,True,80,idle,0.5231260657310486
standing,14,6.505,2026-08-19T03:52:05.471492+01:00,2026-08-19T03:52:05.400018+01:00,2,52,17,accepted,True,16,idle,0.9834204316139221,True,83,idle,0.4792152941226959
standing,15,7.003,2026-08-19T03:52:05.968301+01:00,2026-08-19T03:52:05.935404+01:00,2,54,19,cadence_slot,True,16,idle,0.9526287913322449,True,85,standing,0.44149407744407654
standing,16,7.505,2026-08-19T03:52:06.471720+01:00,2026-08-19T03:52:06.326227+01:00,2,56,20,cadence_slot,True,16,idle,0.8086013197898865,True,87,standing,0.45502370595932007
standing,17,8.001,2026-08-19T03:52:06.966398+01:00,2026-08-19T03:52:06.988932+01:00,2,59,21,cadence_slot,True,16,carrying,0.5299493670463562,True,90,standing,0.4719810485839844
standing,18,8.504,2026-08-19T03:52:07.469453+01:00,2026-08-19T03:52:07.421770+01:00,2,62,21,accepted,True,16,carrying,0.4170636534690857,True,93,standing,0.4828487038612366
standing,19,9.002,2026-08-19T03:52:07.968352+01:00,2026-08-19T03:52:07.920684+01:00,2,64,22,accepted,True,16,idle,0.5663520097732544,True,95,standing,0.49501222372055054
standing,20,9.505,2026-08-19T03:52:08.480165+01:00,2026-08-19T03:52:08.507356+01:00,2,67,23,accepted,True,16,idle,0.6665664315223694,True,98,standing,0.5121720433235168
standing,21,10.0,2026-08-19T03:52:08.967058+01:00,2026-08-19T03:52:08.944454+01:00,2,69,24,accepted,True,16,carrying,0.3719227910041809,True,100,standing,0.5158215165138245
standing,22,10.505,2026-08-19T03:52:09.471231+01:00,2026-08-19T03:52:09.366616+01:00,2,71,25,cadence_slot,True,16,carrying,0.5263962745666504,True,102,standing,0.5142499804496765
standing,23,11.004,2026-08-19T03:52:09.970217+01:00,2026-08-19T03:52:09.884709+01:00,2,73,26,accepted,True,16,carrying,0.5243095755577087,True,104,standing,0.509657621383667
standing,24,11.503,2026-08-19T03:52:10.477626+01:00,2026-08-19T03:52:10.506503+01:00,2,76,27,accepted,True,16,idle,0.45184528827667236,True,107,standing,0.5002209544181824
standing,25,12.005,2026-08-19T03:52:10.971678+01:00,2026-08-19T03:52:10.860582+01:00,2,78,28,accepted,True,16,carrying,0.4356727600097656,True,109,standing,0.4957844316959381
standing,26,12.505,2026-08-19T03:52:11.471243+01:00,2026-08-19T03:52:11.274806+01:00,2,80,29,accepted,True,16,carrying,0.49178051948547363,True,111,standing,0.48840194940567017
standing,27,13.005,2026-08-19T03:52:11.971283+01:00,2026-08-19T03:52:11.842652+01:00,2,83,29,accepted,True,16,carrying,0.4026325047016144,True,114,standing,0.48162150382995605
standing,28,13.502,2026-08-19T03:52:12.468999+01:00,2026-08-19T03:52:12.444228+01:00,2,86,29,accepted,True,16,standing,0.48240920901298523,True,117,standing,0.48022472858428955
standing,29,14.005,2026-08-19T03:52:12.971333+01:00,2026-08-19T03:52:12.772870+01:00,2,87,30,cadence_slot,True,16,idle,0.5710506439208984,True,118,standing,0.4801427125930786
standing,30,14.504,2026-08-19T03:52:13.469851+01:00,2026-08-19T03:52:13.423396+01:00,2,90,30,accepted,True,16,idle,0.9407750368118286,True,121,standing,0.4812853932380676
walking,1,0.0,2026-08-19T03:52:39.731055+01:00,2026-08-19T03:52:39.557079+01:00,5,21,6,accepted,True,16,walking,0.9896180033683777,True,49,walking,0.8082689642906189
walking,2,0.505,2026-08-19T03:52:40.237935+01:00,2026-08-19T03:52:40.194925+01:00,5,23,7,cadence_slot,True,16,walking,0.9997486472129822,True,51,walking,0.7139018774032593
walking,3,1.005,2026-08-19T03:52:40.738379+01:00,2026-08-19T03:52:40.641640+01:00,5,25,7,accepted,True,16,walking,0.9999443292617798,True,53,walking,0.7478665113449097
walking,4,1.505,2026-08-19T03:52:41.237551+01:00,2026-08-19T03:52:41.121990+01:00,5,27,8,accepted,True,16,walking,0.9999669790267944,True,55,walking,0.8302651643753052
walking,5,2.004,2026-08-19T03:52:41.737290+01:00,2026-08-19T03:52:41.673921+01:00,5,30,8,accepted,True,16,walking,0.9999620914459229,True,58,walking,0.9413978457450867
walking,6,2.505,2026-08-19T03:52:42.237673+01:00,2026-08-19T03:52:42.176140+01:00,5,32,10,cadence_slot,True,16,walking,0.9999574422836304,True,60,walking,0.9771422743797302
walking,7,3.005,2026-08-19T03:52:42.738160+01:00,2026-08-19T03:52:42.744765+01:00,5,35,11,cadence_slot,True,16,walking,0.9999486207962036,True,63,walking,0.9835144281387329
walking,8,3.505,2026-08-19T03:52:43.236979+01:00,2026-08-19T03:52:43.204299+01:00,5,37,12,accepted,True,16,walking,0.9999465942382812,True,65,walking,0.9850476980209351
walking,9,4.005,2026-08-19T03:52:43.737642+01:00,2026-08-19T03:52:43.639463+01:00,5,39,12,accepted,True,16,walking,0.9999605417251587,True,67,walking,0.9863584637641907
walking,10,4.5,2026-08-19T03:52:44.231297+01:00,2026-08-19T03:52:44.190518+01:00,5,41,12,accepted,True,16,walking,0.9999583959579468,True,69,walking,0.9846396446228027
walking,11,5.005,2026-08-19T03:52:44.738300+01:00,2026-08-19T03:52:44.674317+01:00,5,43,12,accepted,True,16,walking,0.9999634027481079,True,71,walking,0.9750546813011169
walking,12,5.504,2026-08-19T03:52:45.235679+01:00,2026-08-19T03:52:45.180782+01:00,5,45,13,cadence_slot,True,16,walking,0.9999740123748779,True,73,walking,0.9668973684310913
walking,13,6.005,2026-08-19T03:52:45.738082+01:00,2026-08-19T03:52:45.180782+01:00,5,45,13,cadence_slot,True,16,walking,0.9999740123748779,True,73,walking,0.9668973684310913
walking,14,6.503,2026-08-19T03:52:46.235259+01:00,2026-08-19T03:52:45.638898+01:00,5,46,13,accepted,True,16,walking,0.9999643564224243,True,74,walking,0.9603314995765686
walking,15,7.005,2026-08-19T03:52:46.741054+01:00,2026-08-19T03:52:46.543749+01:00,5,48,13,accepted,True,16,walking,0.9999558925628662,True,76,walking,0.9374889731407166
walking,16,7.505,2026-08-19T03:52:47.237233+01:00,2026-08-19T03:52:46.777117+01:00,5,49,13,accepted,True,16,walking,0.9999202489852905,True,77,walking,0.9102256894111633
walking,17,8.005,2026-08-19T03:52:47.738870+01:00,2026-08-19T03:52:47.089735+01:00,5,50,13,accepted,True,16,walking,0.9998849630355835,True,78,walking,0.8728479146957397
walking,18,8.501,2026-08-19T03:52:48.233335+01:00,2026-08-19T03:52:47.379253+01:00,5,51,13,accepted,True,16,walking,0.9998738765716553,True,79,walking,0.8317589163780212
walking,19,9.005,2026-08-19T03:52:48.738333+01:00,2026-08-19T03:52:47.947359+01:00,5,52,13,accepted,True,16,walking,0.9998968839645386,True,80,walking,0.78764808177948
walking,20,9.505,2026-08-19T03:52:49.237388+01:00,2026-08-19T03:52:49.122558+01:00,5,55,14,cadence_slot,True,16,walking,0.9998431205749512,True,83,walking,0.7171108722686768
walking,21,10.0,2026-08-19T03:52:49.732570+01:00,2026-08-19T03:52:49.641982+01:00,5,58,14,accepted,True,16,walking,0.999975323677063,True,86,walking,0.9090760350227356
walking,22,10.505,2026-08-19T03:52:50.237528+01:00,2026-08-19T03:52:50.240635+01:00,5,61,14,accepted,True,16,walking,0.999981164932251,True,89,walking,0.9615902900695801
walking,23,11.004,2026-08-19T03:52:50.737540+01:00,2026-08-19T03:52:50.650159+01:00,5,63,15,accepted,True,16,walking,0.9999752044677734,True,91,walking,0.975771963596344
walking,24,11.505,2026-08-19T03:52:51.238539+01:00,2026-08-19T03:52:51.208152+01:00,5,66,16,accepted,True,16,walking,0.999944806098938,True,94,walking,0.9832783341407776
walking,25,12.004,2026-08-19T03:52:51.737096+01:00,2026-08-19T03:52:51.723514+01:00,5,68,18,cadence_slot,True,16,walking,0.9999030828475952,True,96,walking,0.9855613112449646
walking,26,12.503,2026-08-19T03:52:52.236328+01:00,2026-08-19T03:52:51.941896+01:00,5,69,18,accepted,True,16,walking,0.9999182224273682,True,97,walking,0.9837732315063477
walking,27,13.004,2026-08-19T03:52:52.737341+01:00,2026-08-19T03:52:52.692101+01:00,5,73,18,accepted,True,16,walking,0.999966025352478,True,101,walking,0.9755567908287048
walking,28,13.501,2026-08-19T03:52:53.242273+01:00,2026-08-19T03:52:53.272052+01:00,5,76,19,accepted,True,16,walking,0.9999797344207764,True,104,walking,0.9414716958999634
walking,29,14.005,2026-08-19T03:52:53.738317+01:00,2026-08-19T03:52:53.632906+01:00,5,78,20,accepted,True,16,walking,0.9999617338180542,True,106,walking,0.8729465007781982
walking,30,14.501,2026-08-19T03:52:54.232713+01:00,2026-08-19T03:52:54.253119+01:00,5,81,21,accepted,True,16,walking,0.99997878074646,True,109,walking,0.7254573106765747
bending,1,0.0,2026-08-19T03:53:20.733421+01:00,2026-08-19T03:53:20.699130+01:00,7,23,6,accepted,True,16,bending,0.998640239238739,True,54,bending,0.9796236157417297
bending,2,0.505,2026-08-19T03:53:21.239987+01:00,2026-08-19T03:53:21.032231+01:00,7,25,6,accepted,True,16,bending,0.9987379908561707,True,56,bending,0.9853823184967041
bending,3,1.002,2026-08-19T03:53:21.737538+01:00,2026-08-19T03:53:21.605431+01:00,7,28,7,accepted,True,16,bending,0.9989915490150452,True,59,bending,0.9886413216590881
bending,4,1.501,2026-08-19T03:53:22.234738+01:00,2026-08-19T03:53:22.059006+01:00,7,30,8,accepted,True,16,bending,0.999082088470459,True,61,bending,0.986690878868103
bending,5,2.004,2026-08-19T03:53:22.738184+01:00,2026-08-19T03:53:22.701469+01:00,7,33,9,accepted,True,16,bending,0.998837411403656,True,64,bending,0.9797857403755188
bending,6,2.501,2026-08-19T03:53:23.234914+01:00,2026-08-19T03:53:23.218861+01:00,7,36,10,accepted,True,16,bending,0.9993879795074463,True,67,bending,0.9854025840759277
bending,7,3.004,2026-08-19T03:53:23.738855+01:00,2026-08-19T03:53:23.664927+01:00,7,38,11,accepted,True,16,bending,0.998336136341095,True,69,bending,0.9884520173072815
bending,8,3.502,2026-08-19T03:53:24.236242+01:00,2026-08-19T03:53:24.211757+01:00,7,41,11,accepted,True,16,bending,0.9979938268661499,True,72,bending,0.9864177703857422
bending,9,4.005,2026-08-19T03:53:24.740245+01:00,2026-08-19T03:53:24.674859+01:00,7,43,12,accepted,True,16,bending,0.9983275532722473,True,74,bending,0.98160320520401
bending,10,4.505,2026-08-19T03:53:25.239789+01:00,2026-08-19T03:53:25.245869+01:00,7,46,12,accepted,True,16,bending,0.9942200183868408,True,77,bending,0.9785621762275696
bending,11,5.005,2026-08-19T03:53:25.747549+01:00,2026-08-19T03:53:25.721022+01:00,7,48,12,accepted,True,16,bending,0.9937015771865845,True,79,bending,0.9870955944061279
bending,12,5.505,2026-08-19T03:53:26.240435+01:00,2026-08-19T03:53:26.139016+01:00,7,50,12,accepted,True,16,bending,0.9960750937461853,True,81,bending,0.9852386116981506
bending,13,6.005,2026-08-19T03:53:26.739506+01:00,2026-08-19T03:53:26.716233+01:00,7,53,13,accepted,True,16,bending,0.9982742071151733,True,84,bending,0.9692335724830627
bending,14,6.505,2026-08-19T03:53:27.239535+01:00,2026-08-19T03:53:27.033475+01:00,7,55,13,accepted,True,16,bending,0.9949186444282532,True,86,bending,0.9405213594436646
bending,15,7.001,2026-08-19T03:53:27.736657+01:00,2026-08-19T03:53:27.681792+01:00,7,58,14,accepted,True,16,bending,0.9985822439193726,True,89,bending,0.977088451385498
bending,16,7.505,2026-08-19T03:53:28.239258+01:00,2026-08-19T03:53:28.250394+01:00,7,61,14,accepted,True,16,bending,0.9996447563171387,True,92,bending,0.9773813486099243
bending,17,8.005,2026-08-19T03:53:28.739255+01:00,2026-08-19T03:53:28.755522+01:00,7,63,15,cadence_slot,True,16,bending,0.9994732737541199,True,94,bending,0.9633174538612366
bending,18,8.505,2026-08-19T03:53:29.239550+01:00,2026-08-19T03:53:29.171537+01:00,7,65,16,cadence_slot,True,16,bending,0.9978735446929932,True,96,bending,0.9335604310035706
bending,19,9.004,2026-08-19T03:53:29.739848+01:00,2026-08-19T03:53:29.655189+01:00,7,68,16,accepted,True,16,bending,0.9995558857917786,True,99,bending,0.982779860496521
bending,20,9.501,2026-08-19T03:53:30.234288+01:00,2026-08-19T03:53:30.247739+01:00,7,71,17,accepted,True,16,bending,0.999729335308075,True,102,bending,0.9822820425033569
bending,21,10.003,2026-08-19T03:53:30.736867+01:00,2026-08-19T03:53:30.760853+01:00,7,73,18,accepted,True,16,bending,0.9995259046554565,True,104,bending,0.9739011526107788
bending,22,10.505,2026-08-19T03:53:31.239340+01:00,2026-08-19T03:53:31.211802+01:00,7,76,18,accepted,True,16,bending,0.9978740215301514,True,107,bending,0.9377813339233398
bending,23,11.003,2026-08-19T03:53:31.741385+01:00,2026-08-19T03:53:31.745444+01:00,7,78,20,accepted,True,16,bending,0.9995019435882568,True,109,bending,0.9676620364189148
bending,24,11.505,2026-08-19T03:53:32.239584+01:00,2026-08-19T03:53:32.172288+01:00,7,80,20,accepted,True,16,bending,0.999497652053833,True,111,bending,0.9800595641136169
bending,25,12.002,2026-08-19T03:53:32.736019+01:00,2026-08-19T03:53:32.697723+01:00,7,83,21,accepted,True,16,bending,0.9968354105949402,True,114,bending,0.9714661240577698
bending,26,12.502,2026-08-19T03:53:33.237007+01:00,2026-08-19T03:53:33.152280+01:00,7,85,22,accepted,True,16,bending,0.9977679252624512,True,116,bending,0.9515984654426575
bending,27,13.005,2026-08-19T03:53:33.739887+01:00,2026-08-19T03:53:33.617774+01:00,7,88,22,accepted,True,16,bending,0.9920154809951782,True,119,bending,0.9197618365287781
bending,28,13.505,2026-08-19T03:53:34.239213+01:00,2026-08-19T03:53:34.100441+01:00,7,90,23,accepted,True,16,bending,0.9986410737037659,True,121,bending,0.9743665456771851
bending,29,14.004,2026-08-19T03:53:34.740060+01:00,2026-08-19T03:53:34.729105+01:00,7,93,23,accepted,True,16,bending,0.9986265897750854,True,124,bending,0.9801201224327087
bending,30,14.501,2026-08-19T03:53:35.235054+01:00,2026-08-19T03:53:35.126005+01:00,7,95,24,accepted,True,16,bending,0.9984377026557922,True,126,bending,0.9732173681259155
