backend,ppe_item,activity,evaluated_frames,positive_gt_frames,negative_gt_frames,tp,tn,fp,fn,false_negative_rate,false_positive_rate,recall,specificity
PyTorch,helmet,Bending,11,11,0,4,0,0,7,0.6363636363636364,0.0,0.36363636363636365,0.0
PyTorch,helmet,Bending - Short walk,209,209,0,59,0,0,150,0.7177033492822966,0.0,0.2822966507177033,0.0
PyTorch,helmet,Bending / Carrying,154,0,154,0,151,3,0,0.0,0.01948051948051948,0.0,0.9805194805194806
PyTorch,helmet,Carrying,176,176,0,136,0,0,40,0.22727272727272727,0.0,0.7727272727272727,0.0
PyTorch,helmet,Idle,297,165,132,160,132,0,5,0.030303030303030304,0.0,0.9696969696969697,1.0
PyTorch,helmet,Material handling,385,385,0,227,0,0,158,0.4103896103896104,0.0,0.5896103896103896,0.0
PyTorch,helmet,Mixed natural sequence,143,143,0,52,0,0,91,0.6363636363636364,0.0,0.36363636363636365,0.0
PyTorch,helmet,Standing,495,352,143,281,141,2,71,0.20170454545454544,0.013986013986013986,0.7982954545454546,0.986013986013986
PyTorch,helmet,Standing / Walking,286,99,187,17,184,3,82,0.8282828282828283,0.016042780748663103,0.1717171717171717,0.983957219251337
PyTorch,helmet,Standing / material handling,165,165,0,103,0,0,62,0.37575757575757573,0.0,0.6242424242424243,0.0
PyTorch,helmet,Walking,517,385,132,277,132,0,108,0.2805194805194805,0.0,0.7194805194805195,1.0
PyTorch,helmet,Walking / Standing / Walking,187,0,187,0,187,0,0,0.0,0.0,0.0,1.0
PyTorch,helmet,Walking / standing,110,0,110,0,110,0,0,0.0,0.0,0.0,1.0
PyTorch,vest,Bending,11,11,0,11,0,0,0,0.0,0.0,1.0,0.0
PyTorch,vest,Bending - Short walk,209,209,0,189,0,0,20,0.09569377990430622,0.0,0.9043062200956937,0.0
PyTorch,vest,Bending / Carrying,154,0,154,0,150,4,0,0.0,0.025974025974025976,0.0,0.974025974025974
PyTorch,vest,Carrying,176,176,0,173,0,0,3,0.017045454545454544,0.0,0.9829545454545454,0.0
PyTorch,vest,Idle,297,165,132,165,130,2,0,0.0,0.015151515151515152,1.0,0.9848484848484849
PyTorch,vest,Material handling,385,385,0,352,0,0,33,0.08571428571428572,0.0,0.9142857142857143,0.0
PyTorch,vest,Mixed natural sequence,143,0,143,0,130,13,0,0.0,0.09090909090909091,0.0,0.9090909090909091
PyTorch,vest,Standing,495,440,55,440,55,0,0,0.0,0.0,1.0,1.0
PyTorch,vest,Standing / Walking,286,0,286,0,251,35,0,0.0,0.12237762237762238,0.0,0.8776223776223776
PyTorch,vest,Standing / material handling,165,165,0,165,0,0,0,0.0,0.0,1.0,0.0
PyTorch,vest,Walking,517,385,132,378,132,0,7,0.01818181818181818,0.0,0.9818181818181818,1.0
PyTorch,vest,Walking / Standing / Walking,187,0,187,0,186,1,0,0.0,0.0053475935828877,0.0,0.9946524064171123
PyTorch,vest,Walking / standing,110,110,0,109,0,0,1,0.00909090909090909,0.0,0.990909090909091,0.0
PyTorch,gloves,Bending,11,11,0,0,0,0,11,1.0,0.0,0.0,0.0
PyTorch,gloves,Bending - Short walk,209,209,0,10,0,0,199,0.9521531100478469,0.0,0.04784688995215311,0.0
PyTorch,gloves,Bending / Carrying,154,0,154,0,154,0,0,0.0,0.0,0.0,1.0
PyTorch,gloves,Carrying,176,176,0,6,0,0,170,0.9659090909090909,0.0,0.03409090909090909,0.0
PyTorch,gloves,Idle,297,165,132,0,132,0,165,1.0,0.0,0.0,1.0
PyTorch,gloves,Material handling,385,385,0,5,0,0,380,0.987012987012987,0.0,0.012987012987012988,0.0
PyTorch,gloves,Mixed natural sequence,143,143,0,0,0,0,143,1.0,0.0,0.0,0.0
PyTorch,gloves,Standing,495,440,55,117,55,0,323,0.7340909090909091,0.0,0.26590909090909093,1.0
PyTorch,gloves,Standing / Walking,286,286,0,0,0,0,286,1.0,0.0,0.0,0.0
PyTorch,gloves,Standing / material handling,165,165,0,0,0,0,165,1.0,0.0,0.0,0.0
PyTorch,gloves,Walking,517,385,132,19,132,0,366,0.9506493506493506,0.0,0.04935064935064935,1.0
PyTorch,gloves,Walking / Standing / Walking,187,0,187,0,187,0,0,0.0,0.0,0.0,1.0
PyTorch,gloves,Walking / standing,110,110,0,8,0,0,102,0.9272727272727272,0.0,0.07272727272727272,0.0
PyTorch,boots,Bending,11,11,0,3,0,0,8,0.7272727272727273,0.0,0.2727272727272727,0.0
PyTorch,boots,Bending - Short walk,209,209,0,0,0,0,209,1.0,0.0,0.0,0.0
PyTorch,boots,Bending / Carrying,154,154,0,8,0,0,146,0.948051948051948,0.0,0.05194805194805195,0.0
PyTorch,boots,Carrying,176,176,0,12,0,0,164,0.9318181818181818,0.0,0.06818181818181818,0.0
PyTorch,boots,Idle,297,165,132,75,131,1,90,0.5454545454545454,0.007575757575757576,0.45454545454545453,0.9924242424242424
PyTorch,boots,Material handling,385,385,0,16,0,0,369,0.9584415584415584,0.0,0.04155844155844156,0.0
PyTorch,boots,Mixed natural sequence,143,143,0,0,0,0,143,1.0,0.0,0.0,0.0
PyTorch,boots,Standing,495,495,0,7,0,0,488,0.9858585858585859,0.0,0.014141414141414142,0.0
PyTorch,boots,Standing / Walking,286,286,0,7,0,0,279,0.9755244755244755,0.0,0.024475524475524476,0.0
PyTorch,boots,Standing / material handling,165,165,0,43,0,0,122,0.7393939393939394,0.0,0.2606060606060606,0.0
PyTorch,boots,Walking,517,385,132,16,126,6,369,0.9584415584415584,0.045454545454545456,0.04155844155844156,0.9545454545454546
PyTorch,boots,Walking / Standing / Walking,187,187,0,0,0,0,187,1.0,0.0,0.0,0.0
PyTorch,boots,Walking / standing,110,110,0,2,0,0,108,0.9818181818181818,0.0,0.01818181818181818,0.0
NCNN,helmet,Bending,11,11,0,9,0,0,2,0.18181818181818182,0.0,0.8181818181818182,0.0
NCNN,helmet,Bending - Short walk,209,209,0,128,0,0,81,0.3875598086124402,0.0,0.6124401913875598,0.0
NCNN,helmet,Bending / Carrying,154,0,154,0,151,3,0,0.0,0.01948051948051948,0.0,0.9805194805194806
NCNN,helmet,Carrying,176,176,0,172,0,0,4,0.022727272727272728,0.0,0.9772727272727273,0.0
NCNN,helmet,Idle,297,165,132,165,132,0,0,0.0,0.0,1.0,1.0
NCNN,helmet,Material handling,385,385,0,317,0,0,68,0.17662337662337663,0.0,0.8233766233766234,0.0
NCNN,helmet,Mixed natural sequence,143,143,0,82,0,0,61,0.42657342657342656,0.0,0.5734265734265734,0.0
NCNN,helmet,Standing,495,352,143,345,141,2,7,0.019886363636363636,0.013986013986013986,0.9801136363636364,0.986013986013986
NCNN,helmet,Standing / Walking,286,99,187,52,181,6,47,0.47474747474747475,0.03208556149732621,0.5252525252525253,0.9679144385026738
NCNN,helmet,Standing / material handling,165,165,0,165,0,0,0,0.0,0.0,1.0,0.0
NCNN,helmet,Walking,517,385,132,372,132,0,13,0.033766233766233764,0.0,0.9662337662337662,1.0
NCNN,helmet,Walking / Standing / Walking,187,0,187,0,187,0,0,0.0,0.0,0.0,1.0
NCNN,helmet,Walking / standing,110,0,110,0,106,4,0,0.0,0.03636363636363636,0.0,0.9636363636363636
NCNN,vest,Bending,11,11,0,11,0,0,0,0.0,0.0,1.0,0.0
NCNN,vest,Bending - Short walk,209,209,0,194,0,0,15,0.07177033492822966,0.0,0.9282296650717703,0.0
NCNN,vest,Bending / Carrying,154,0,154,0,139,15,0,0.0,0.09740259740259741,0.0,0.9025974025974026
NCNN,vest,Carrying,176,176,0,176,0,0,0,0.0,0.0,1.0,0.0
NCNN,vest,Idle,297,165,132,165,128,4,0,0.0,0.030303030303030304,1.0,0.9696969696969697
NCNN,vest,Material handling,385,385,0,362,0,0,23,0.05974025974025974,0.0,0.9402597402597402,0.0
NCNN,vest,Mixed natural sequence,143,0,143,0,121,22,0,0.0,0.15384615384615385,0.0,0.8461538461538461
NCNN,vest,Standing,495,440,55,440,55,0,0,0.0,0.0,1.0,1.0
NCNN,vest,Standing / Walking,286,0,286,0,254,32,0,0.0,0.11188811188811189,0.0,0.8881118881118881
NCNN,vest,Standing / material handling,165,165,0,165,0,0,0,0.0,0.0,1.0,0.0
NCNN,vest,Walking,517,385,132,378,132,0,7,0.01818181818181818,0.0,0.9818181818181818,1.0
NCNN,vest,Walking / Standing / Walking,187,0,187,0,185,2,0,0.0,0.0106951871657754,0.0,0.9893048128342246
NCNN,vest,Walking / standing,110,110,0,110,0,0,0,0.0,0.0,1.0,0.0
NCNN,gloves,Bending,11,11,0,0,0,0,11,1.0,0.0,0.0,0.0
NCNN,gloves,Bending - Short walk,209,209,0,15,0,0,194,0.9282296650717703,0.0,0.07177033492822966,0.0
NCNN,gloves,Bending / Carrying,154,0,154,0,154,0,0,0.0,0.0,0.0,1.0
NCNN,gloves,Carrying,176,176,0,13,0,0,163,0.9261363636363636,0.0,0.07386363636363637,0.0
NCNN,gloves,Idle,297,165,132,0,132,0,165,1.0,0.0,0.0,1.0
NCNN,gloves,Material handling,385,385,0,6,0,0,379,0.9844155844155844,0.0,0.015584415584415584,0.0
NCNN,gloves,Mixed natural sequence,143,143,0,3,0,0,140,0.9790209790209791,0.0,0.02097902097902098,0.0
NCNN,gloves,Standing,495,440,55,110,55,0,330,0.75,0.0,0.25,1.0
NCNN,gloves,Standing / Walking,286,286,0,0,0,0,286,1.0,0.0,0.0,0.0
NCNN,gloves,Standing / material handling,165,165,0,0,0,0,165,1.0,0.0,0.0,0.0
NCNN,gloves,Walking,517,385,132,30,132,0,355,0.922077922077922,0.0,0.07792207792207792,1.0
NCNN,gloves,Walking / Standing / Walking,187,0,187,0,187,0,0,0.0,0.0,0.0,1.0
NCNN,gloves,Walking / standing,110,110,0,10,0,0,100,0.9090909090909091,0.0,0.09090909090909091,0.0
NCNN,boots,Bending,11,11,0,3,0,0,8,0.7272727272727273,0.0,0.2727272727272727,0.0
NCNN,boots,Bending - Short walk,209,209,0,26,0,0,183,0.8755980861244019,0.0,0.12440191387559808,0.0
NCNN,boots,Bending / Carrying,154,154,0,32,0,0,122,0.7922077922077922,0.0,0.2077922077922078,0.0
NCNN,boots,Carrying,176,176,0,33,0,0,143,0.8125,0.0,0.1875,0.0
NCNN,boots,Idle,297,165,132,144,91,41,21,0.12727272727272726,0.3106060606060606,0.8727272727272727,0.6893939393939394
NCNN,boots,Material handling,385,385,0,60,0,0,325,0.8441558441558441,0.0,0.15584415584415584,0.0
NCNN,boots,Mixed natural sequence,143,143,0,2,0,0,141,0.986013986013986,0.0,0.013986013986013986,0.0
NCNN,boots,Standing,495,495,0,58,0,0,437,0.8828282828282829,0.0,0.11717171717171718,0.0
NCNN,boots,Standing / Walking,286,286,0,62,0,0,224,0.7832167832167832,0.0,0.21678321678321677,0.0
NCNN,boots,Standing / material handling,165,165,0,149,0,0,16,0.09696969696969697,0.0,0.9030303030303031,0.0
NCNN,boots,Walking,517,385,132,33,98,34,352,0.9142857142857143,0.25757575757575757,0.08571428571428572,0.7424242424242424
NCNN,boots,Walking / Standing / Walking,187,187,0,25,0,0,162,0.8663101604278075,0.0,0.13368983957219252,0.0
NCNN,boots,Walking / standing,110,110,0,10,0,0,100,0.9090909090909091,0.0,0.09090909090909091,0.0
