session_id,worker_id,device_id,camera_track_id,camera_id,baseline_activity,baseline_confidence,stgcn_activity,stgcn_confidence,gru_activity,gru_confidence,vision_timestamp,android_timestamp,backend_receive_time,mobile_backend_receive_time,vision_age_ms,mobile_age_ms,source_time_delta_ms,mobile_missing,mobile_stale,connection_state,accelerometer_x,accelerometer_y,accelerometer_z,gyroscope_x,gyroscope_y,gyroscope_z,gps_latitude,gps_longitude,gps_accuracy_m,gps_zone,gps_missing
session-20260817T111954Z-d03ab837,worker01,,1,esp32_cam_01,standing,0.6122769631851972,idle,0.7659085988998413,idle,0.6575295329093933,2026-08-17T11:19:54.878974Z,,2026-08-17T11:19:54.979849Z,,100.875,,,True,True,missing,,,,,,,,,,,True
session-20260817T111954Z-d03ab837,worker01,,1,esp32_cam_01,standing,0.6337529454216361,idle,0.7659085988998413,idle,0.6575295329093933,2026-08-17T11:19:55.108578Z,,2026-08-17T11:19:55.127717Z,,19.139,,,True,True,missing,,,,,,,,,,,True
session-20260817T111954Z-d03ab837,worker01,,1,esp32_cam_01,carrying,0.6699142627276694,idle,0.7659085988998413,idle,0.6575295329093933,2026-08-17T11:19:55.337508Z,,2026-08-17T11:19:55.356757Z,,19.249,,,True,True,missing,,,,,,,,,,,True
session-20260817T111954Z-d03ab837,worker01,,1,esp32_cam_01,carrying,0.6084547222428216,idle,0.7659085988998413,idle,0.6575295329093933,2026-08-17T11:19:55.570628Z,,2026-08-17T11:19:55.588453Z,,17.825,,,True,True,missing,,,,,,,,,,,True
session-20260817T111954Z-d03ab837,worker01,,1,esp32_cam_01,carrying,0.612055132631776,idle,0.7659085988998413,idle,0.6575295329093933,2026-08-17T11:19:55.782796Z,,2026-08-17T11:19:55.800846Z,,18.05,,,True,True,missing,,,,,,,,,,,True
session-20260817T111954Z-d03ab837,worker01,,1,esp32_cam_01,carrying,0.6,idle,0.7659085988998413,idle,0.6575295329093933,2026-08-17T11:19:55.884832Z,,2026-08-17T11:19:55.902842Z,,18.01,,,True,True,missing,,,,,,,,,,,True
session-20260817T111954Z-d03ab837,worker01,,1,esp32_cam_01,walking,0.75,idle,0.7659085988998413,idle,0.6575295329093933,2026-08-17T11:19:56.052726Z,,2026-08-17T11:19:56.070809Z,,18.083,,,True,True,missing,,,,,,,,,,,True
session-20260817T111954Z-d03ab837,worker01,,1,esp32_cam_01,walking,0.6,idle,0.7659085988998413,idle,0.6575295329093933,2026-08-17T11:19:56.243816Z,,2026-08-17T11:19:56.263432Z,,19.616,,,True,True,missing,,,,,,,,,,,True
session-20260817T111954Z-d03ab837,worker01,,1,esp32_cam_01,walking,0.6,idle,0.7659085988998413,idle,0.6575295329093933,2026-08-17T11:19:56.414783Z,,2026-08-17T11:19:56.434872Z,,20.089,,,True,True,missing,,,,,,,,,,,True
session-20260817T111954Z-d03ab837,worker01,,1,esp32_cam_01,walking,0.6,idle,0.7659085988998413,idle,0.6575295329093933,2026-08-17T11:19:56.557030Z,,2026-08-17T11:19:56.574154Z,,17.124,,,True,True,missing,,,,,,,,,,,True
session-20260817T111954Z-d03ab837,worker01,,1,esp32_cam_01,walking,0.75,idle,0.7659085988998413,idle,0.6575295329093933,2026-08-17T11:19:56.784971Z,,2026-08-17T11:19:56.802894Z,,17.923,,,True,True,missing,,,,,,,,,,,True
session-20260817T111954Z-d03ab837,worker01,,1,esp32_cam_01,walking,0.75,idle,0.7659085988998413,idle,0.6575295329093933,2026-08-17T11:19:56.999059Z,,2026-08-17T11:19:57.078757Z,,79.698,,,True,True,missing,,,,,,,,,,,True
session-20260817T111954Z-d03ab837,worker01,,1,esp32_cam_01,standing,0.75,idle,0.7659085988998413,idle,0.6575295329093933,2026-08-17T11:19:57.167089Z,,2026-08-17T11:19:57.188147Z,,21.058,,,True,True,missing,,,,,,,,,,,True
session-20260817T111954Z-d03ab837,worker01,,1,esp32_cam_01,standing,0.75,idle,0.7659085988998413,idle,0.6575295329093933,2026-08-17T11:19:57.312797Z,,2026-08-17T11:19:57.330731Z,,17.934,,,True,True,missing,,,,,,,,,,,True
session-20260817T111954Z-d03ab837,worker01,,1,esp32_cam_01,standing,0.8013557176877211,idle,0.7659085988998413,idle,0.6575295329093933,2026-08-17T11:19:57.543035Z,,2026-08-17T11:19:57.605200Z,,62.165,,,True,True,missing,,,,,,,,,,,True
session-20260817T111954Z-d03ab837,worker01,,1,esp32_cam_01,material_handling,1.0,idle,0.7659085988998413,idle,0.6575295329093933,2026-08-17T11:19:57.764843Z,,2026-08-17T11:19:57.782835Z,,17.992,,,True,True,missing,,,,,,,,,,,True
session-20260817T111954Z-d03ab837,worker01,,1,esp32_cam_01,material_handling,1.0,idle,0.7659085988998413,idle,0.6575295329093933,2026-08-17T11:19:57.992467Z,,2026-08-17T11:19:58.010784Z,,18.317,,,True,True,missing,,,,,,,,,,,True
session-20260817T111954Z-d03ab837,worker01,,1,esp32_cam_01,material_handling,1.0,idle,0.7659085988998413,idle,0.6575295329093933,2026-08-17T11:19:58.223351Z,,2026-08-17T11:19:58.242786Z,,19.435,,,True,True,missing,,,,,,,,,,,True
session-20260817T111954Z-d03ab837,worker01,,1,esp32_cam_01,material_handling,1.0,idle,0.7659085988998413,idle,0.6575295329093933,2026-08-17T11:19:58.401137Z,,2026-08-17T11:19:58.422895Z,,21.758,,,True,True,missing,,,,,,,,,,,True
session-20260817T111954Z-d03ab837,worker01,,1,esp32_cam_01,material_handling,1.0,idle,0.7659085988998413,idle,0.6575295329093933,2026-08-17T11:19:58.582988Z,,2026-08-17T11:19:58.650945Z,,67.957,,,True,True,missing,,,,,,,,,,,True
session-20260817T111954Z-d03ab837,worker01,,1,esp32_cam_01,material_handling,1.0,idle,0.7659085988998413,idle,0.6575295329093933,2026-08-17T11:19:58.772677Z,,2026-08-17T11:19:58.792796Z,,20.119,,,True,True,missing,,,,,,,,,,,True
session-20260817T111954Z-d03ab837,worker01,,1,esp32_cam_01,material_handling,1.0,idle,0.7659085988998413,idle,0.6575295329093933,2026-08-17T11:19:58.938362Z,,2026-08-17T11:19:58.959592Z,,21.23,,,True,True,missing,,,,,,,,,,,True
session-20260817T111954Z-d03ab837,worker01,,1,esp32_cam_01,material_handling,1.0,idle,0.7659085988998413,idle,0.6575295329093933,2026-08-17T11:19:59.147220Z,,2026-08-17T11:19:59.204797Z,,57.577,,,True,True,missing,,,,,,,,,,,True
session-20260817T111954Z-d03ab837,worker01,,1,esp32_cam_01,material_handling,1.0,idle,0.7659085988998413,idle,0.6575295329093933,2026-08-17T11:19:59.469884Z,,2026-08-17T11:19:59.488537Z,,18.653,,,True,True,missing,,,,,,,,,,,True
session-20260817T111954Z-d03ab837,worker01,,1,esp32_cam_01,material_handling,1.0,idle,0.7659085988998413,idle,0.6575295329093933,2026-08-17T11:19:59.671910Z,,2026-08-17T11:19:59.700637Z,,28.727,,,True,True,missing,,,,,,,,,,,True
session-20260817T111954Z-d03ab837,worker01,,1,esp32_cam_01,material_handling,1.0,idle,0.7659085988998413,idle,0.6575295329093933,2026-08-17T11:19:59.790071Z,,2026-08-17T11:19:59.810836Z,,20.765,,,True,True,missing,,,,,,,,,,,True
session-20260817T111954Z-d03ab837,worker01,,1,esp32_cam_01,material_handling,1.0,idle,0.7659085988998413,idle,0.6575295329093933,2026-08-17T11:19:59.895205Z,,2026-08-17T11:19:59.912819Z,,17.614,,,True,True,missing,,,,,,,,,,,True
session-20260817T111954Z-d03ab837,worker01,,1,esp32_cam_01,material_handling,1.0,idle,0.7659085988998413,idle,0.6575295329093933,2026-08-17T11:20:00.006801Z,,2026-08-17T11:20:00.024102Z,,17.301,,,True,True,missing,,,,,,,,,,,True
session-20260817T111954Z-d03ab837,worker01,,1,esp32_cam_01,material_handling,1.0,idle,0.7659085988998413,idle,0.6575295329093933,2026-08-17T11:20:00.108559Z,,2026-08-17T11:20:00.126903Z,,18.344,,,True,True,missing,,,,,,,,,,,True
session-20260817T111954Z-d03ab837,worker01,,1,esp32_cam_01,material_handling,1.0,idle,0.7659085988998413,idle,0.6575295329093933,2026-08-17T11:20:00.211361Z,,2026-08-17T11:20:00.228830Z,,17.469,,,True,True,missing,,,,,,,,,,,True
session-20260817T111954Z-d03ab837,worker01,,1,esp32_cam_01,material_handling,1.0,idle,0.7659085988998413,idle,0.6575295329093933,2026-08-17T11:20:00.379216Z,,2026-08-17T11:20:00.398375Z,,19.159,,,True,True,missing,,,,,,,,,,,True
session-20260817T111954Z-d03ab837,worker01,,1,esp32_cam_01,material_handling,1.0,idle,0.7659085988998413,idle,0.6575295329093933,2026-08-17T11:20:00.563401Z,,2026-08-17T11:20:00.582776Z,,19.375,,,True,True,missing,,,,,,,,,,,True
session-20260817T111954Z-d03ab837,worker01,,1,esp32_cam_01,material_handling,1.0,idle,0.7659085988998413,idle,0.6575295329093933,2026-08-17T11:20:00.758288Z,,2026-08-17T11:20:00.778885Z,,20.597,,,True,True,missing,,,,,,,,,,,True
session-20260817T111954Z-d03ab837,worker01,,1,esp32_cam_01,material_handling,1.0,idle,0.7659085988998413,idle,0.6575295329093933,2026-08-17T11:20:00.917424Z,,2026-08-17T11:20:00.938854Z,,21.43,,,True,True,missing,,,,,,,,,,,True
session-20260817T111954Z-d03ab837,worker01,,1,esp32_cam_01,material_handling,1.0,idle,0.7659085988998413,idle,0.6575295329093933,2026-08-17T11:20:01.099788Z,,2026-08-17T11:20:01.140690Z,,40.902,,,True,True,missing,,,,,,,,,,,True
session-20260817T111954Z-d03ab837,worker01,,1,esp32_cam_01,material_handling,1.0,idle,0.7659085988998413,idle,0.6575295329093933,2026-08-17T11:20:01.277892Z,,2026-08-17T11:20:01.296986Z,,19.094,,,True,True,missing,,,,,,,,,,,True
session-20260817T111954Z-d03ab837,worker01,,1,esp32_cam_01,material_handling,1.0,idle,0.7659085988998413,idle,0.6575295329093933,2026-08-17T11:20:01.457209Z,,2026-08-17T11:20:01.475163Z,,17.954,,,True,True,missing,,,,,,,,,,,True
session-20260817T111954Z-d03ab837,worker01,,1,esp32_cam_01,material_handling,1.0,idle,0.7659085988998413,idle,0.6575295329093933,2026-08-17T11:20:01.643173Z,,2026-08-17T11:20:01.662564Z,,19.391,,,True,True,missing,,,,,,,,,,,True
session-20260817T111954Z-d03ab837,worker01,,1,esp32_cam_01,material_handling,1.0,idle,0.7659085988998413,idle,0.6575295329093933,2026-08-17T11:20:01.754327Z,,2026-08-17T11:20:01.796413Z,,42.086,,,True,True,missing,,,,,,,,,,,True
session-20260817T111954Z-d03ab837,worker01,,1,esp32_cam_01,material_handling,1.0,idle,0.7659085988998413,idle,0.6575295329093933,2026-08-17T11:20:01.951318Z,,2026-08-17T11:20:01.969714Z,,18.396,,,True,True,missing,,,,,,,,,,,True
session-20260817T111954Z-d03ab837,worker01,,1,esp32_cam_01,material_handling,1.0,idle,0.7659085988998413,idle,0.6575295329093933,2026-08-17T11:20:02.087361Z,,2026-08-17T11:20:02.104100Z,,16.739,,,True,True,missing,,,,,,,,,,,True
session-20260817T111954Z-d03ab837,worker01,,1,esp32_cam_01,material_handling,1.0,idle,0.7659085988998413,idle,0.6575295329093933,2026-08-17T11:20:02.299582Z,,2026-08-17T11:20:02.322737Z,,23.155,,,True,True,missing,,,,,,,,,,,True
session-20260817T111954Z-d03ab837,worker01,,1,esp32_cam_01,material_handling,1.0,idle,0.7659085988998413,idle,0.6575295329093933,2026-08-17T11:20:02.507936Z,,2026-08-17T11:20:02.526803Z,,18.867,,,True,True,missing,,,,,,,,,,,True
session-20260817T111954Z-d03ab837,worker01,,1,esp32_cam_01,material_handling,1.0,idle,0.7659085988998413,idle,0.6575295329093933,2026-08-17T11:20:02.623286Z,,2026-08-17T11:20:02.642932Z,,19.646,,,True,True,missing,,,,,,,,,,,True
session-20260817T111954Z-d03ab837,worker01,,1,esp32_cam_01,material_handling,1.0,idle,0.7659085988998413,idle,0.6575295329093933,2026-08-17T11:20:02.813013Z,,2026-08-17T11:20:02.846833Z,,33.82,,,True,True,missing,,,,,,,,,,,True
session-20260817T111954Z-d03ab837,worker01,,1,esp32_cam_01,material_handling,1.0,idle,0.7659085988998413,idle,0.6575295329093933,2026-08-17T11:20:02.996886Z,,2026-08-17T11:20:03.016976Z,,20.09,,,True,True,missing,,,,,,,,,,,True
session-20260817T111954Z-d03ab837,worker01,,1,esp32_cam_01,material_handling,1.0,idle,0.7659085988998413,idle,0.6575295329093933,2026-08-17T11:20:03.214003Z,,2026-08-17T11:20:03.232700Z,,18.697,,,True,True,missing,,,,,,,,,,,True
session-20260817T111954Z-d03ab837,worker01,,1,esp32_cam_01,material_handling,1.0,idle,0.7659085988998413,idle,0.6575295329093933,2026-08-17T11:20:03.389208Z,,2026-08-17T11:20:03.406795Z,,17.587,,,True,True,missing,,,,,,,,,,,True
session-20260817T111954Z-d03ab837,worker01,,1,esp32_cam_01,material_handling,1.0,idle,0.7659085988998413,idle,0.6575295329093933,2026-08-17T11:20:03.531330Z,,2026-08-17T11:20:03.548889Z,,17.559,,,True,True,missing,,,,,,,,,,,True
session-20260817T111954Z-d03ab837,worker01,,1,esp32_cam_01,material_handling,1.0,idle,0.7659085988998413,idle,0.6575295329093933,2026-08-17T11:20:03.709119Z,,2026-08-17T11:20:03.726882Z,,17.763,,,True,True,missing,,,,,,,,,,,True
session-20260817T111954Z-d03ab837,worker01,,1,esp32_cam_01,material_handling,1.0,idle,0.7659085988998413,idle,0.6575295329093933,2026-08-17T11:20:03.897432Z,,2026-08-17T11:20:03.916783Z,,19.351,,,True,True,missing,,,,,,,,,,,True
session-20260817T111954Z-d03ab837,worker01,,1,esp32_cam_01,material_handling,1.0,idle,0.7659085988998413,idle,0.6575295329093933,2026-08-17T11:20:04.069122Z,,2026-08-17T11:20:04.086853Z,,17.731,,,True,True,missing,,,,,,,,,,,True
session-20260817T111954Z-d03ab837,worker01,,1,esp32_cam_01,material_handling,1.0,idle,0.7659085988998413,idle,0.6575295329093933,2026-08-17T11:20:04.183446Z,,2026-08-17T11:20:04.208052Z,,24.606,,,True,True,missing,,,,,,,,,,,True
session-20260817T111954Z-d03ab837,worker01,,1,esp32_cam_01,material_handling,1.0,idle,0.7659085988998413,idle,0.6575295329093933,2026-08-17T11:20:04.300708Z,,2026-08-17T11:20:04.318192Z,,17.484,,,True,True,missing,,,,,,,,,,,True
session-20260817T111954Z-d03ab837,worker01,,1,esp32_cam_01,material_handling,1.0,idle,0.7659085988998413,idle,0.6575295329093933,2026-08-17T11:20:04.464699Z,,2026-08-17T11:20:04.482827Z,,18.128,,,True,True,missing,,,,,,,,,,,True
session-20260817T111954Z-d03ab837,worker01,,1,esp32_cam_01,material_handling,1.0,idle,0.7659085988998413,idle,0.6575295329093933,2026-08-17T11:20:04.566258Z,,2026-08-17T11:20:04.584942Z,,18.684,,,True,True,missing,,,,,,,,,,,True
session-20260817T111954Z-d03ab837,worker01,,1,esp32_cam_01,material_handling,1.0,idle,0.7659085988998413,idle,0.6575295329093933,2026-08-17T11:20:04.763685Z,,2026-08-17T11:20:04.784815Z,,21.13,,,True,True,missing,,,,,,,,,,,True
session-20260817T111954Z-d03ab837,worker01,,1,esp32_cam_01,material_handling,1.0,idle,0.7659085988998413,idle,0.6575295329093933,2026-08-17T11:20:04.952421Z,,2026-08-17T11:20:04.970338Z,,17.917,,,True,True,missing,,,,,,,,,,,True
session-20260817T111954Z-d03ab837,worker01,,1,esp32_cam_01,material_handling,1.0,idle,0.7659085988998413,idle,0.6575295329093933,2026-08-17T11:20:05.115202Z,,2026-08-17T11:20:05.134958Z,,19.756,,,True,True,missing,,,,,,,,,,,True
session-20260817T111954Z-d03ab837,worker01,,1,esp32_cam_01,material_handling,1.0,idle,0.7659085988998413,idle,0.6575295329093933,2026-08-17T11:20:05.304721Z,,2026-08-17T11:20:05.322889Z,,18.168,,,True,True,missing,,,,,,,,,,,True
session-20260817T111954Z-d03ab837,worker01,,1,esp32_cam_01,material_handling,1.0,idle,0.7659085988998413,idle,0.6575295329093933,2026-08-17T11:20:05.445406Z,,2026-08-17T11:20:05.466786Z,,21.38,,,True,True,missing,,,,,,,,,,,True
session-20260817T111954Z-d03ab837,worker01,,1,esp32_cam_01,material_handling,1.0,idle,0.7659085988998413,idle,0.6575295329093933,2026-08-17T11:20:05.569000Z,,2026-08-17T11:20:05.586240Z,,17.24,,,True,True,missing,,,,,,,,,,,True
session-20260817T111954Z-d03ab837,worker01,,1,esp32_cam_01,material_handling,1.0,idle,0.7659085988998413,idle,0.6575295329093933,2026-08-17T11:20:05.755376Z,,2026-08-17T11:20:05.774820Z,,19.444,,,True,True,missing,,,,,,,,,,,True
session-20260817T111954Z-d03ab837,worker01,,1,esp32_cam_01,material_handling,1.0,idle,0.7659085988998413,idle,0.6575295329093933,2026-08-17T11:20:05.909797Z,,2026-08-17T11:20:06.056880Z,,147.083,,,True,True,missing,,,,,,,,,,,True
session-20260817T111954Z-d03ab837,worker01,,1,esp32_cam_01,material_handling,1.0,idle,0.7659085988998413,idle,0.6575295329093933,2026-08-17T11:20:06.290521Z,,2026-08-17T11:20:06.307930Z,,17.409,,,True,True,missing,,,,,,,,,,,True
session-20260817T111954Z-d03ab837,worker01,,1,esp32_cam_01,material_handling,1.0,idle,0.7659085988998413,idle,0.6575295329093933,2026-08-17T11:20:06.459138Z,,2026-08-17T11:20:06.512989Z,,53.851,,,True,True,missing,,,,,,,,,,,True
session-20260817T111954Z-d03ab837,worker01,,1,esp32_cam_01,material_handling,1.0,idle,0.7659085988998413,idle,0.6575295329093933,2026-08-17T11:20:06.642816Z,,2026-08-17T11:20:06.661189Z,,18.373,,,True,True,missing,,,,,,,,,,,True
session-20260817T111954Z-d03ab837,worker01,,1,esp32_cam_01,material_handling,1.0,idle,0.7659085988998413,idle,0.6575295329093933,2026-08-17T11:20:06.865523Z,,2026-08-17T11:20:06.884956Z,,19.433,,,True,True,missing,,,,,,,,,,,True
session-20260817T111954Z-d03ab837,worker01,,1,esp32_cam_01,material_handling,1.0,idle,0.7659085988998413,idle,0.6575295329093933,2026-08-17T11:20:07.045671Z,,2026-08-17T11:20:07.064920Z,,19.249,,,True,True,missing,,,,,,,,,,,True
session-20260817T111954Z-d03ab837,worker01,,1,esp32_cam_01,material_handling,1.0,idle,0.7659085988998413,idle,0.6575295329093933,2026-08-17T11:20:07.151666Z,,2026-08-17T11:20:07.171006Z,,19.34,,,True,True,missing,,,,,,,,,,,True
session-20260817T111954Z-d03ab837,worker01,,1,esp32_cam_01,material_handling,1.0,idle,0.7659085988998413,idle,0.6575295329093933,2026-08-17T11:20:07.314037Z,,2026-08-17T11:20:07.332937Z,,18.9,,,True,True,missing,,,,,,,,,,,True
session-20260817T111954Z-d03ab837,worker01,,1,esp32_cam_01,material_handling,1.0,idle,0.7659085988998413,idle,0.6575295329093933,2026-08-17T11:20:07.496959Z,,2026-08-17T11:20:07.562846Z,,65.887,,,True,True,missing,,,,,,,,,,,True
session-20260817T111954Z-d03ab837,worker01,,1,esp32_cam_01,material_handling,1.0,idle,0.7659085988998413,idle,0.6575295329093933,2026-08-17T11:20:07.769168Z,,2026-08-17T11:20:07.787348Z,,18.18,,,True,True,missing,,,,,,,,,,,True
session-20260817T111954Z-d03ab837,worker01,,1,esp32_cam_01,material_handling,1.0,idle,0.7659085988998413,idle,0.6575295329093933,2026-08-17T11:20:07.947257Z,,2026-08-17T11:20:07.964930Z,,17.673,,,True,True,missing,,,,,,,,,,,True
session-20260817T111954Z-d03ab837,worker01,,1,esp32_cam_01,material_handling,1.0,idle,0.7659085988998413,idle,0.6575295329093933,2026-08-17T11:20:08.049415Z,,2026-08-17T11:20:08.087006Z,,37.591,,,True,True,missing,,,,,,,,,,,True
session-20260817T111954Z-d03ab837,worker01,,1,esp32_cam_01,material_handling,1.0,idle,0.7659085988998413,idle,0.6575295329093933,2026-08-17T11:20:08.304865Z,,2026-08-17T11:20:08.410150Z,,105.285,,,True,True,missing,,,,,,,,,,,True
session-20260817T111954Z-d03ab837,worker01,,1,esp32_cam_01,material_handling,1.0,idle,0.7659085988998413,idle,0.6575295329093933,2026-08-17T11:20:08.489452Z,,2026-08-17T11:20:08.511892Z,,22.44,,,True,True,missing,,,,,,,,,,,True
session-20260817T111954Z-d03ab837,worker01,,1,esp32_cam_01,material_handling,1.0,idle,0.7659085988998413,idle,0.6575295329093933,2026-08-17T11:20:08.663567Z,,2026-08-17T11:20:08.682774Z,,19.207,,,True,True,missing,,,,,,,,,,,True
session-20260817T111954Z-d03ab837,worker01,,1,esp32_cam_01,material_handling,1.0,idle,0.7659085988998413,idle,0.6575295329093933,2026-08-17T11:20:08.850886Z,,2026-08-17T11:20:08.868983Z,,18.097,,,True,True,missing,,,,,,,,,,,True
session-20260817T111954Z-d03ab837,worker01,,1,esp32_cam_01,material_handling,1.0,idle,0.7659085988998413,idle,0.6575295329093933,2026-08-17T11:20:09.115352Z,,2026-08-17T11:20:09.136905Z,,21.553,,,True,True,missing,,,,,,,,,,,True
session-20260817T111954Z-d03ab837,worker01,,1,esp32_cam_01,material_handling,1.0,idle,0.7659085988998413,idle,0.6575295329093933,2026-08-17T11:20:09.272141Z,,2026-08-17T11:20:09.292192Z,,20.051,,,True,True,missing,,,,,,,,,,,True
session-20260817T111954Z-d03ab837,worker01,,1,esp32_cam_01,material_handling,1.0,idle,0.7659085988998413,idle,0.6575295329093933,2026-08-17T11:20:09.436354Z,,2026-08-17T11:20:09.460216Z,,23.862,,,True,True,missing,,,,,,,,,,,True
session-20260817T111954Z-d03ab837,worker01,,1,esp32_cam_01,material_handling,1.0,idle,0.7659085988998413,idle,0.6575295329093933,2026-08-17T11:20:09.558437Z,,2026-08-17T11:20:09.734305Z,,175.868,,,True,True,missing,,,,,,,,,,,True
session-20260817T111954Z-d03ab837,worker01,,1,esp32_cam_01,material_handling,1.0,idle,0.7659085988998413,idle,0.6575295329093933,2026-08-17T11:20:09.841426Z,,2026-08-17T11:20:09.860837Z,,19.411,,,True,True,missing,,,,,,,,,,,True
session-20260817T111954Z-d03ab837,worker01,,1,esp32_cam_01,material_handling,1.0,idle,0.7659085988998413,idle,0.6575295329093933,2026-08-17T11:20:09.966408Z,,2026-08-17T11:20:09.984985Z,,18.577,,,True,True,missing,,,,,,,,,,,True
session-20260817T111954Z-d03ab837,worker01,,1,esp32_cam_01,material_handling,1.0,idle,0.7659085988998413,idle,0.6575295329093933,2026-08-17T11:20:10.166475Z,,2026-08-17T11:20:10.255215Z,,88.74,,,True,True,missing,,,,,,,,,,,True
session-20260817T111954Z-d03ab837,worker01,,1,esp32_cam_01,material_handling,1.0,idle,0.7659085988998413,idle,0.6575295329093933,2026-08-17T11:20:10.385109Z,,2026-08-17T11:20:10.402959Z,,17.85,,,True,True,missing,,,,,,,,,,,True
session-20260817T111954Z-d03ab837,worker01,,1,esp32_cam_01,material_handling,1.0,idle,0.7659085988998413,idle,0.6575295329093933,2026-08-17T11:20:10.567187Z,,2026-08-17T11:20:10.584941Z,,17.754,,,True,True,missing,,,,,,,,,,,True
session-20260817T111954Z-d03ab837,worker01,,1,esp32_cam_01,material_handling,1.0,idle,0.7659085988998413,idle,0.6575295329093933,2026-08-17T11:20:10.757978Z,,2026-08-17T11:20:10.778784Z,,20.806,,,True,True,missing,,,,,,,,,,,True
session-20260817T111954Z-d03ab837,worker01,,1,esp32_cam_01,material_handling,1.0,idle,0.7659085988998413,idle,0.6575295329093933,2026-08-17T11:20:10.927700Z,,2026-08-17T11:20:10.945866Z,,18.166,,,True,True,missing,,,,,,,,,,,True
session-20260817T111954Z-d03ab837,worker01,,1,esp32_cam_01,material_handling,1.0,idle,0.7659085988998413,idle,0.6575295329093933,2026-08-17T11:20:11.052923Z,,2026-08-17T11:20:11.072206Z,,19.283,,,True,True,missing,,,,,,,,,,,True
session-20260817T111954Z-d03ab837,worker01,,1,esp32_cam_01,material_handling,1.0,idle,0.7659085988998413,idle,0.6575295329093933,2026-08-17T11:20:11.282315Z,,2026-08-17T11:20:11.301027Z,,18.712,,,True,True,missing,,,,,,,,,,,True
session-20260817T111954Z-d03ab837,worker01,,1,esp32_cam_01,material_handling,1.0,idle,0.7659085988998413,idle,0.6575295329093933,2026-08-17T11:20:11.494877Z,,2026-08-17T11:20:11.512942Z,,18.065,,,True,True,missing,,,,,,,,,,,True
session-20260817T111954Z-d03ab837,worker01,,1,esp32_cam_01,material_handling,1.0,idle,0.7659085988998413,idle,0.6575295329093933,2026-08-17T11:20:11.688622Z,,2026-08-17T11:20:11.756859Z,,68.237,,,True,True,missing,,,,,,,,,,,True
session-20260817T111954Z-d03ab837,worker01,,1,esp32_cam_01,material_handling,1.0,idle,0.7659085988998413,idle,0.6575295329093933,2026-08-17T11:20:11.879472Z,,2026-08-17T11:20:11.898877Z,,19.405,,,True,True,missing,,,,,,,,,,,True
session-20260817T111954Z-d03ab837,worker01,,1,esp32_cam_01,material_handling,1.0,idle,0.7659085988998413,idle,0.6575295329093933,2026-08-17T11:20:12.046879Z,,2026-08-17T11:20:12.065110Z,,18.231,,,True,True,missing,,,,,,,,,,,True
session-20260817T111954Z-d03ab837,worker01,,1,esp32_cam_01,material_handling,1.0,idle,0.7659085988998413,idle,0.6575295329093933,2026-08-17T11:20:12.147992Z,,2026-08-17T11:20:12.321230Z,,173.238,,,True,True,missing,,,,,,,,,,,True
session-20260817T111954Z-d03ab837,worker01,,1,esp32_cam_01,material_handling,1.0,idle,0.7659085988998413,idle,0.6575295329093933,2026-08-17T11:20:12.461881Z,,2026-08-17T11:20:12.481012Z,,19.131,,,True,True,missing,,,,,,,,,,,True
session-20260817T111954Z-d03ab837,worker01,,1,esp32_cam_01,material_handling,1.0,idle,0.7659085988998413,idle,0.6575295329093933,2026-08-17T11:20:12.638878Z,,2026-08-17T11:20:12.660281Z,,21.403,,,True,True,missing,,,,,,,,,,,True
session-20260817T111954Z-d03ab837,worker01,,1,esp32_cam_01,material_handling,1.0,idle,0.7659085988998413,idle,0.6575295329093933,2026-08-17T11:20:12.757475Z,,2026-08-17T11:20:12.807958Z,,50.483,,,True,True,missing,,,,,,,,,,,True
session-20260817T111954Z-d03ab837,worker01,,1,esp32_cam_01,material_handling,1.0,idle,0.7659085988998413,idle,0.6575295329093933,2026-08-17T11:20:12.900387Z,,2026-08-17T11:20:12.919017Z,,18.63,,,True,True,missing,,,,,,,,,,,True
session-20260817T111954Z-d03ab837,worker01,,1,esp32_cam_01,material_handling,1.0,idle,0.7659085988998413,idle,0.6575295329093933,2026-08-17T11:20:13.076753Z,,2026-08-17T11:20:13.126179Z,,49.426,,,True,True,missing,,,,,,,,,,,True
session-20260817T111954Z-d03ab837,worker01,,1,esp32_cam_01,material_handling,1.0,idle,0.7659085988998413,idle,0.6575295329093933,2026-08-17T11:20:13.302005Z,,2026-08-17T11:20:13.330463Z,,28.458,,,True,True,missing,,,,,,,,,,,True
session-20260817T111954Z-d03ab837,worker01,,1,esp32_cam_01,material_handling,1.0,idle,0.7659085988998413,idle,0.6575295329093933,2026-08-17T11:20:13.515538Z,,2026-08-17T11:20:13.535038Z,,19.5,,,True,True,missing,,,,,,,,,,,True
session-20260817T111954Z-d03ab837,worker01,,1,esp32_cam_01,material_handling,1.0,idle,0.7659085988998413,idle,0.6575295329093933,2026-08-17T11:20:13.621195Z,,2026-08-17T11:20:13.638572Z,,17.377,,,True,True,missing,,,,,,,,,,,True
session-20260817T111954Z-d03ab837,worker01,,1,esp32_cam_01,material_handling,1.0,idle,0.7659085988998413,idle,0.6575295329093933,2026-08-17T11:20:13.851260Z,,2026-08-17T11:20:13.868926Z,,17.666,,,True,True,missing,,,,,,,,,,,True
session-20260817T111954Z-d03ab837,worker01,,1,esp32_cam_01,material_handling,1.0,idle,0.7659085988998413,idle,0.6575295329093933,2026-08-17T11:20:13.953222Z,,2026-08-17T11:20:13.971017Z,,17.795,,,True,True,missing,,,,,,,,,,,True
session-20260817T111954Z-d03ab837,worker01,,1,esp32_cam_01,material_handling,1.0,idle,0.7659085988998413,idle,0.6575295329093933,2026-08-17T11:20:14.111175Z,,2026-08-17T11:20:14.129035Z,,17.86,,,True,True,missing,,,,,,,,,,,True
session-20260817T111954Z-d03ab837,worker01,,1,esp32_cam_01,material_handling,1.0,idle,0.7659085988998413,idle,0.6575295329093933,2026-08-17T11:20:14.300267Z,,2026-08-17T11:20:14.411351Z,,111.084,,,True,True,missing,,,,,,,,,,,True
session-20260817T111954Z-d03ab837,worker01,,1,esp32_cam_01,material_handling,1.0,idle,0.7659085988998413,idle,0.6575295329093933,2026-08-17T11:20:14.564081Z,,2026-08-17T11:20:14.582988Z,,18.907,,,True,True,missing,,,,,,,,,,,True
session-20260817T111954Z-d03ab837,worker01,,1,esp32_cam_01,material_handling,1.0,idle,0.7659085988998413,idle,0.6575295329093933,2026-08-17T11:20:14.672706Z,,2026-08-17T11:20:14.694262Z,,21.556,,,True,True,missing,,,,,,,,,,,True
session-20260817T111954Z-d03ab837,worker01,,1,esp32_cam_01,standing,0.75,idle,0.7659085988998413,idle,0.6575295329093933,2026-08-17T11:20:14.852890Z,,2026-08-17T11:20:14.904350Z,,51.46,,,True,True,missing,,,,,,,,,,,True
session-20260817T111954Z-d03ab837,worker01,,1,esp32_cam_01,material_handling,1.0,idle,0.7659085988998413,idle,0.6575295329093933,2026-08-17T11:20:15.164814Z,,2026-08-17T11:20:15.183030Z,,18.216,,,True,True,missing,,,,,,,,,,,True
session-20260817T111954Z-d03ab837,worker01,,1,esp32_cam_01,material_handling,1.0,idle,0.7659085988998413,idle,0.6575295329093933,2026-08-17T11:20:15.343561Z,,2026-08-17T11:20:15.429069Z,,85.508,,,True,True,missing,,,,,,,,,,,True
session-20260817T111954Z-d03ab837,worker01,,1,esp32_cam_01,material_handling,1.0,idle,0.7659085988998413,idle,0.6575295329093933,2026-08-17T11:20:15.622520Z,,2026-08-17T11:20:15.643878Z,,21.358,,,True,True,missing,,,,,,,,,,,True
session-20260817T111954Z-d03ab837,worker01,,1,esp32_cam_01,material_handling,1.0,idle,0.7659085988998413,idle,0.6575295329093933,2026-08-17T11:20:15.784102Z,,2026-08-17T11:20:15.802244Z,,18.142,,,True,True,missing,,,,,,,,,,,True
session-20260817T111954Z-d03ab837,worker01,,1,esp32_cam_01,material_handling,1.0,idle,0.7659085988998413,idle,0.6575295329093933,2026-08-17T11:20:15.884783Z,,2026-08-17T11:20:15.957040Z,,72.257,,,True,True,missing,,,,,,,,,,,True
session-20260817T111954Z-d03ab837,worker01,,1,esp32_cam_01,material_handling,1.0,idle,0.7659085988998413,idle,0.6575295329093933,2026-08-17T11:20:16.191042Z,,2026-08-17T11:20:16.208990Z,,17.948,,,True,True,missing,,,,,,,,,,,True
session-20260817T111954Z-d03ab837,worker01,,1,esp32_cam_01,material_handling,1.0,idle,0.7659085988998413,idle,0.6575295329093933,2026-08-17T11:20:16.367807Z,,2026-08-17T11:20:16.473079Z,,105.272,,,True,True,missing,,,,,,,,,,,True
session-20260817T111954Z-d03ab837,worker01,,1,esp32_cam_01,material_handling,1.0,idle,0.7659085988998413,idle,0.6575295329093933,2026-08-17T11:20:16.562294Z,,2026-08-17T11:20:16.581020Z,,18.726,,,True,True,missing,,,,,,,,,,,True
session-20260817T111954Z-d03ab837,worker01,,1,esp32_cam_01,material_handling,1.0,idle,0.7659085988998413,idle,0.6575295329093933,2026-08-17T11:20:16.726770Z,,2026-08-17T11:20:16.744469Z,,17.699,,,True,True,missing,,,,,,,,,,,True
session-20260817T111954Z-d03ab837,worker01,,1,esp32_cam_01,material_handling,1.0,idle,0.7659085988998413,idle,0.6575295329093933,2026-08-17T11:20:16.957253Z,,2026-08-17T11:20:17.000813Z,,43.56,,,True,True,missing,,,,,,,,,,,True
session-20260817T111954Z-d03ab837,worker01,,1,esp32_cam_01,material_handling,1.0,idle,0.7659085988998413,idle,0.6575295329093933,2026-08-17T11:20:17.141424Z,,2026-08-17T11:20:17.160913Z,,19.489,,,True,True,missing,,,,,,,,,,,True
session-20260817T111954Z-d03ab837,worker01,,1,esp32_cam_01,material_handling,1.0,idle,0.7659085988998413,idle,0.6575295329093933,2026-08-17T11:20:17.308335Z,,2026-08-17T11:20:17.327075Z,,18.74,,,True,True,missing,,,,,,,,,,,True
session-20260817T111954Z-d03ab837,worker01,,1,esp32_cam_01,material_handling,1.0,idle,0.7659085988998413,idle,0.6575295329093933,2026-08-17T11:20:17.493695Z,,2026-08-17T11:20:17.524989Z,,31.294,,,True,True,missing,,,,,,,,,,,True
session-20260817T111954Z-d03ab837,worker01,,1,esp32_cam_01,material_handling,1.0,idle,0.7659085988998413,idle,0.6575295329093933,2026-08-17T11:20:17.644150Z,,2026-08-17T11:20:17.662949Z,,18.799,,,True,True,missing,,,,,,,,,,,True
session-20260817T111954Z-d03ab837,worker01,,1,esp32_cam_01,material_handling,1.0,idle,0.7659085988998413,idle,0.6575295329093933,2026-08-17T11:20:17.753427Z,,2026-08-17T11:20:17.771995Z,,18.568,,,True,True,missing,,,,,,,,,,,True
session-20260817T111954Z-d03ab837,worker01,,1,esp32_cam_01,material_handling,1.0,idle,0.7659085988998413,idle,0.6575295329093933,2026-08-17T11:20:17.870747Z,,2026-08-17T11:20:17.888382Z,,17.635,,,True,True,missing,,,,,,,,,,,True
session-20260817T111954Z-d03ab837,worker01,,1,esp32_cam_01,material_handling,1.0,idle,0.7659085988998413,idle,0.6575295329093933,2026-08-17T11:20:18.033258Z,,2026-08-17T11:20:18.050982Z,,17.724,,,True,True,missing,,,,,,,,,,,True
session-20260817T111954Z-d03ab837,worker01,,1,esp32_cam_01,material_handling,1.0,idle,0.7659085988998413,idle,0.6575295329093933,2026-08-17T11:20:18.217425Z,,2026-08-17T11:20:18.240087Z,,22.662,,,True,True,missing,,,,,,,,,,,True
session-20260817T111954Z-d03ab837,worker01,,1,esp32_cam_01,material_handling,1.0,idle,0.7659085988998413,idle,0.6575295329093933,2026-08-17T11:20:18.386367Z,,2026-08-17T11:20:18.405023Z,,18.656,,,True,True,missing,,,,,,,,,,,True
session-20260817T111954Z-d03ab837,worker01,,1,esp32_cam_01,material_handling,1.0,idle,0.7659085988998413,idle,0.6575295329093933,2026-08-17T11:20:18.581806Z,,2026-08-17T11:20:18.601074Z,,19.268,,,True,True,missing,,,,,,,,,,,True
session-20260817T111954Z-d03ab837,worker01,,1,esp32_cam_01,material_handling,1.0,idle,0.7659085988998413,idle,0.6575295329093933,2026-08-17T11:20:18.767576Z,,2026-08-17T11:20:18.786999Z,,19.423,,,True,True,missing,,,,,,,,,,,True
session-20260817T111954Z-d03ab837,worker01,,1,esp32_cam_01,material_handling,1.0,idle,0.7659085988998413,idle,0.6575295329093933,2026-08-17T11:20:18.957094Z,,2026-08-17T11:20:18.975015Z,,17.921,,,True,True,missing,,,,,,,,,,,True
session-20260817T111954Z-d03ab837,worker01,,1,esp32_cam_01,material_handling,1.0,idle,0.7659085988998413,idle,0.6575295329093933,2026-08-17T11:20:19.133615Z,,2026-08-17T11:20:19.156807Z,,23.192,,,True,True,missing,,,,,,,,,,,True
session-20260817T111954Z-d03ab837,worker01,,1,esp32_cam_01,material_handling,1.0,idle,0.7659085988998413,idle,0.6575295329093933,2026-08-17T11:20:19.306437Z,,2026-08-17T11:20:19.324865Z,,18.428,,,True,True,missing,,,,,,,,,,,True
session-20260817T111954Z-d03ab837,worker01,,1,esp32_cam_01,material_handling,1.0,idle,0.7659085988998413,idle,0.6575295329093933,2026-08-17T11:20:19.524381Z,,2026-08-17T11:20:19.621045Z,,96.664,,,True,True,missing,,,,,,,,,,,True
session-20260817T111954Z-d03ab837,worker01,,1,esp32_cam_01,material_handling,1.0,idle,0.7659085988998413,idle,0.6575295329093933,2026-08-17T11:20:19.891513Z,,2026-08-17T11:20:19.911042Z,,19.529,,,True,True,missing,,,,,,,,,,,True
session-20260817T111954Z-d03ab837,worker01,,1,esp32_cam_01,material_handling,1.0,idle,0.7659085988998413,idle,0.6575295329093933,2026-08-17T11:20:20.015042Z,,2026-08-17T11:20:20.203275Z,,188.233,,,True,True,missing,,,,,,,,,,,True
session-20260817T111954Z-d03ab837,worker01,,1,esp32_cam_01,material_handling,1.0,idle,0.7659085988998413,idle,0.6575295329093933,2026-08-17T11:20:20.297237Z,,2026-08-17T11:20:20.315060Z,,17.823,,,True,True,missing,,,,,,,,,,,True
session-20260817T111954Z-d03ab837,worker01,,1,esp32_cam_01,material_handling,1.0,idle,0.7659085988998413,idle,0.6575295329093933,2026-08-17T11:20:20.472693Z,,2026-08-17T11:20:20.492898Z,,20.205,,,True,True,missing,,,,,,,,,,,True
session-20260817T111954Z-d03ab837,worker01,,1,esp32_cam_01,material_handling,1.0,idle,0.7659085988998413,idle,0.6575295329093933,2026-08-17T11:20:20.650499Z,,2026-08-17T11:20:20.669030Z,,18.531,,,True,True,missing,,,,,,,,,,,True
session-20260817T111954Z-d03ab837,worker01,,1,esp32_cam_01,material_handling,1.0,idle,0.7659085988998413,idle,0.6575295329093933,2026-08-17T11:20:20.834672Z,,2026-08-17T11:20:20.855002Z,,20.33,,,True,True,missing,,,,,,,,,,,True
session-20260817T111954Z-d03ab837,worker01,,1,esp32_cam_01,material_handling,1.0,idle,0.7659085988998413,idle,0.6575295329093933,2026-08-17T11:20:21.005556Z,,2026-08-17T11:20:21.024387Z,,18.831,,,True,True,missing,,,,,,,,,,,True
session-20260817T111954Z-d03ab837,worker01,,1,esp32_cam_01,material_handling,1.0,idle,0.7659085988998413,idle,0.6575295329093933,2026-08-17T11:20:21.192308Z,,2026-08-17T11:20:21.315079Z,,122.771,,,True,True,missing,,,,,,,,,,,True
session-20260817T111954Z-d03ab837,worker01,,1,esp32_cam_01,material_handling,1.0,idle,0.7659085988998413,idle,0.6575295329093933,2026-08-17T11:20:21.555537Z,,2026-08-17T11:20:21.574893Z,,19.356,,,True,True,missing,,,,,,,,,,,True
session-20260817T111954Z-d03ab837,worker01,,1,esp32_cam_01,material_handling,1.0,idle,0.7659085988998413,idle,0.6575295329093933,2026-08-17T11:20:21.744872Z,,2026-08-17T11:20:21.762956Z,,18.084,,,True,True,missing,,,,,,,,,,,True
session-20260817T111954Z-d03ab837,worker01,,1,esp32_cam_01,material_handling,1.0,idle,0.7659085988998413,idle,0.6575295329093933,2026-08-17T11:20:21.859783Z,,2026-08-17T11:20:21.878737Z,,18.954,,,True,True,missing,,,,,,,,,,,True
session-20260817T111954Z-d03ab837,worker01,,1,esp32_cam_01,material_handling,1.0,idle,0.7659085988998413,idle,0.6575295329093933,2026-08-17T11:20:22.009558Z,,2026-08-17T11:20:22.078360Z,,68.802,,,True,True,missing,,,,,,,,,,,True
session-20260817T111954Z-d03ab837,worker01,,1,esp32_cam_01,material_handling,1.0,idle,0.7659085988998413,idle,0.6575295329093933,2026-08-17T11:20:22.268941Z,,2026-08-17T11:20:22.289072Z,,20.131,,,True,True,missing,,,,,,,,,,,True
session-20260817T111954Z-d03ab837,worker01,,1,esp32_cam_01,material_handling,1.0,idle,0.7659085988998413,idle,0.6575295329093933,2026-08-17T11:20:22.372985Z,,2026-08-17T11:20:22.390450Z,,17.465,,,True,True,missing,,,,,,,,,,,True
session-20260817T111954Z-d03ab837,worker01,,1,esp32_cam_01,material_handling,1.0,idle,0.7659085988998413,idle,0.6575295329093933,2026-08-17T11:20:22.580695Z,,2026-08-17T11:20:22.597449Z,,16.754,,,True,True,missing,,,,,,,,,,,True
session-20260817T111954Z-d03ab837,worker01,,1,esp32_cam_01,material_handling,1.0,idle,0.7659085988998413,idle,0.6575295329093933,2026-08-17T11:20:22.773128Z,,2026-08-17T11:20:22.790353Z,,17.225,,,True,True,missing,,,,,,,,,,,True
session-20260817T111954Z-d03ab837,worker01,,1,esp32_cam_01,material_handling,1.0,idle,0.7659085988998413,idle,0.6575295329093933,2026-08-17T11:20:22.961346Z,,2026-08-17T11:20:22.983176Z,,21.83,,,True,True,missing,,,,,,,,,,,True
session-20260817T111954Z-d03ab837,worker01,,1,esp32_cam_01,material_handling,1.0,idle,0.7659085988998413,idle,0.6575295329093933,2026-08-17T11:20:23.141679Z,,2026-08-17T11:20:23.161611Z,,19.932,,,True,True,missing,,,,,,,,,,,True
session-20260817T111954Z-d03ab837,worker01,,1,esp32_cam_01,material_handling,1.0,idle,0.7659085988998413,idle,0.6575295329093933,2026-08-17T11:20:23.265472Z,,2026-08-17T11:20:23.292640Z,,27.168,,,True,True,missing,,,,,,,,,,,True
session-20260817T111954Z-d03ab837,worker01,,1,esp32_cam_01,material_handling,1.0,idle,0.7659085988998413,idle,0.6575295329093933,2026-08-17T11:20:23.525121Z,,2026-08-17T11:20:23.542433Z,,17.312,,,True,True,missing,,,,,,,,,,,True
session-20260817T111954Z-d03ab837,worker01,,1,esp32_cam_01,material_handling,1.0,idle,0.7659085988998413,idle,0.6575295329093933,2026-08-17T11:20:23.704819Z,,2026-08-17T11:20:23.809608Z,,104.789,,,True,True,missing,,,,,,,,,,,True
session-20260817T111954Z-d03ab837,worker01,,1,esp32_cam_01,material_handling,1.0,idle,0.7659085988998413,idle,0.6575295329093933,2026-08-17T11:20:23.950268Z,,2026-08-17T11:20:24.057221Z,,106.953,,,True,True,missing,,,,,,,,,,,True
session-20260817T111954Z-d03ab837,worker01,,1,esp32_cam_01,material_handling,1.0,idle,0.7659085988998413,idle,0.6575295329093933,2026-08-17T11:20:24.092099Z,,2026-08-17T11:20:24.453202Z,,361.103,,,True,True,missing,,,,,,,,,,,True
session-20260817T111954Z-d03ab837,worker01,,1,esp32_cam_01,material_handling,1.0,idle,0.7659085988998413,idle,0.6575295329093933,2026-08-17T11:20:24.493482Z,,2026-08-17T11:20:24.593062Z,,99.58,,,True,True,missing,,,,,,,,,,,True
session-20260817T111954Z-d03ab837,worker01,,1,esp32_cam_01,material_handling,1.0,idle,0.7659085988998413,idle,0.6575295329093933,2026-08-17T11:20:24.622086Z,,2026-08-17T11:20:24.722968Z,,100.882,,,True,True,missing,,,,,,,,,,,True
session-20260817T111954Z-d03ab837,worker01,,1,esp32_cam_01,material_handling,1.0,idle,0.7659085988998413,idle,0.6575295329093933,2026-08-17T11:20:24.869353Z,,2026-08-17T11:20:24.887083Z,,17.73,,,True,True,missing,,,,,,,,,,,True
